-- ----------------------------
-- database SCHEMA
-- ----------------------------
CREATE DATABASE  IF NOT EXISTS `assignment`;
USE `assignment`;

-- 
-- The data for all stocks are imported using Workbench import wizard taking only Date and Close Price. Space is removed from "Close Price" to 'Close_Price'. The alternative way is to use following which generates tables structures and inserts the data
-- 
-- ----------------------------
-- Sql statement to create Table structures
-- ----------------------------
DROP TABLE IF EXISTS `bajaj`;
CREATE TABLE `bajaj`  (
  `Date` date NULL DEFAULT NULL,
  `Close_Price` double(10, 2) NULL DEFAULT NULL
) ;

DROP TABLE IF EXISTS `eicher`;
CREATE TABLE `eicher` (
  `Date` date DEFAULT NULL,
  `Close_Price` double(10,2) DEFAULT NULL
);

DROP TABLE IF EXISTS `hero`;
CREATE TABLE `hero` (
  `Date` date DEFAULT NULL,
  `Close_Price` double(10,2) DEFAULT NULL
);

DROP TABLE IF EXISTS `infosys`;
CREATE TABLE `infosys` (
  `Date` date DEFAULT NULL,
  `Close_Price` double(10,2) DEFAULT NULL
);


DROP TABLE IF EXISTS `tcs`;
CREATE TABLE `tcs` (
  `Date` date DEFAULT NULL,
  `Close_Price` double(10,2) DEFAULT NULL
);

DROP TABLE IF EXISTS `tvs`;
CREATE TABLE `tvs` (
  `Date` date DEFAULT NULL,
  `Close_Price` double(10,2) DEFAULT NULL
);

-- 
-- FEED BAJAJ TABLE
-- 
INSERT INTO `bajaj` VALUES ('2018-07-31',2700.70),('2018-07-30',2668.95),('2018-07-27',2678.05),('2018-07-26',2619.25),('2018-07-25',2638.80),('2018-07-24',2650.80),('2018-07-23',2689.10),('2018-07-20',2841.10),('2018-07-19',3112.80),('2018-07-18',3105.05),('2018-07-17',3095.25),('2018-07-16',3101.75),('2018-07-13',3134.00),('2018-07-12',3101.90),('2018-07-11',3154.35),('2018-07-10',3089.05),('2018-07-09',3017.95),('2018-07-06',3023.35),('2018-07-05',2969.80),('2018-07-04',2978.20),('2018-07-03',2865.05),('2018-07-02',2839.15),('2018-06-29',2811.15),('2018-06-28',2718.20),('2018-06-27',2765.45),('2018-06-26',2809.75),('2018-06-25',2799.60),('2018-06-22',2830.75),('2018-06-21',2832.95),('2018-06-20',2873.30),('2018-06-19',2849.40),('2018-06-18',2901.90),('2018-06-15',2873.75),('2018-06-14',2890.20),('2018-06-13',2908.30),('2018-06-12',2886.95),('2018-06-11',2882.00),('2018-06-08',2875.40),('2018-06-07',2889.00),('2018-06-06',2884.55),('2018-06-05',2844.15),('2018-06-04',2876.60),('2018-06-01',2893.25),('2018-05-31',2752.15),('2018-05-30',2763.10),('2018-05-29',2794.00),('2018-05-28',2791.25),('2018-05-25',2759.85),('2018-05-24',2736.70),('2018-05-23',2775.80),('2018-05-22',2811.25),('2018-05-21',2719.90),('2018-05-18',2777.50),('2018-05-17',2819.15),('2018-05-16',2808.25),('2018-05-15',2827.80),('2018-05-14',2834.70),('2018-05-11',2816.45),('2018-05-10',2827.80),('2018-05-09',2874.25),('2018-05-08',2891.75),('2018-05-07',2917.05),('2018-05-04',2890.50),('2018-05-03',2971.90),('2018-05-02',2965.25),('2018-04-30',2948.00),('2018-04-27',2936.80),('2018-04-26',2886.10),('2018-04-25',2899.90),('2018-04-24',2889.75),('2018-04-23',2854.05),('2018-04-20',2853.60),('2018-04-19',2855.10),('2018-04-18',2862.65),('2018-04-17',2863.00),('2018-04-16',2839.80),('2018-04-13',2789.40),('2018-04-12',2764.15),('2018-04-11',2755.40),('2018-04-10',2767.00),('2018-04-09',2770.45),('2018-04-06',2783.05),('2018-04-05',2810.55),('2018-04-04',2766.35),('2018-04-03',2791.75),('2018-04-02',2808.60),('2018-03-28',2748.90),('2018-03-27',2803.20),('2018-03-26',2839.15),('2018-03-23',2789.75),('2018-03-22',2842.05),('2018-03-21',2853.60),('2018-03-20',2873.55),('2018-03-19',2853.80),('2018-03-16',2912.20),('2018-03-15',2949.10),('2018-03-14',2948.85),('2018-03-13',2974.15),('2018-03-12',2960.05),('2018-03-09',2938.05),('2018-03-08',2924.65),('2018-03-07',2910.45),('2018-03-06',2899.90),('2018-03-05',2942.10),('2018-03-01',3025.00),('2018-02-28',3018.80),('2018-02-27',3033.85),('2018-02-26',3007.20),('2018-02-23',2988.00),('2018-02-22',2971.00),('2018-02-21',3008.25),('2018-02-20',3049.65),('2018-02-19',3039.85),('2018-02-16',3102.95),('2018-02-15',3140.60),('2018-02-14',3110.85),('2018-02-12',3143.35),('2018-02-09',3103.50),('2018-02-08',3152.40),('2018-02-07',3137.30),('2018-02-06',3138.20),('2018-02-05',3177.80),('2018-02-02',3242.60),('2018-02-01',3409.50),('2018-01-31',3338.80),('2018-01-30',3351.40),('2018-01-29',3362.10),('2018-01-25',3303.20),('2018-01-24',3335.60),('2018-01-23',3294.30),('2018-01-22',3272.10),('2018-01-19',3208.05),('2018-01-18',3195.40),('2018-01-17',3184.90),('2018-01-16',3160.00),('2018-01-15',3163.30),('2018-01-12',3175.10),('2018-01-11',3202.00),('2018-01-10',3205.35),('2018-01-09',3240.95),('2018-01-08',3275.35),('2018-01-05',3277.55),('2018-01-04',3262.75),('2018-01-03',3247.45),('2018-01-02',3294.15),('2018-01-01',3293.40),('2017-12-29',3323.20),('2017-12-28',3301.45),('2017-12-27',3335.45),('2017-12-26',3362.90),('2017-12-22',3326.45),('2017-12-21',3285.55),('2017-12-20',3301.15),('2017-12-19',3319.90),('2017-12-18',3227.40),('2017-12-15',3205.30),('2017-12-14',3151.40),('2017-12-13',3149.35),('2017-12-12',3168.65),('2017-12-11',3211.90),('2017-12-08',3215.30),('2017-12-07',3195.85),('2017-12-06',3108.60),('2017-12-05',3160.85),('2017-12-04',3199.95),('2017-12-01',3212.65),('2017-11-30',3311.70),('2017-11-29',3315.50),('2017-11-28',3292.60),('2017-11-27',3272.35),('2017-11-24',3293.10),('2017-11-23',3261.85),('2017-11-22',3312.20),('2017-11-21',3292.95),('2017-11-20',3242.85),('2017-11-17',3212.05),('2017-11-16',3209.60),('2017-11-15',3212.35),('2017-11-14',3266.40),('2017-11-13',3211.60),('2017-11-10',3248.25),('2017-11-09',3199.95),('2017-11-08',3190.10),('2017-11-07',3163.25),('2017-11-06',3212.35),('2017-11-03',3223.10),('2017-11-02',3238.50),('2017-11-01',3240.50),('2017-10-31',3260.00),('2017-10-30',3274.75),('2017-10-27',3289.60),('2017-10-26',3278.90),('2017-10-25',3233.50),('2017-10-24',3214.85),('2017-10-23',3215.85),('2017-10-19',3215.20),('2017-10-18',3231.85),('2017-10-17',3263.70),('2017-10-16',3221.80),('2017-10-13',3164.70),('2017-10-12',3154.10),('2017-10-11',3142.25),('2017-10-10',3134.90),('2017-10-09',3128.15),('2017-10-06',3146.30),('2017-10-05',3130.80),('2017-10-04',3169.75),('2017-10-03',3163.80),('2017-09-29',3108.15),('2017-09-28',3034.10),('2017-09-27',3027.80),('2017-09-26',3036.40),('2017-09-25',3038.60),('2017-09-22',3039.40),('2017-09-21',3078.10),('2017-09-20',3088.10),('2017-09-19',3115.60),('2017-09-18',3129.80),('2017-09-15',3022.05),('2017-09-14',2928.65),('2017-09-13',2931.25),('2017-09-12',2933.40),('2017-09-11',2930.30),('2017-09-08',2913.85),('2017-09-07',2965.95),('2017-09-06',2925.80),('2017-09-05',2949.85),('2017-09-04',2913.40),('2017-09-01',2918.65),('2017-08-31',2808.45),('2017-08-30',2746.95),('2017-08-29',2732.25),('2017-08-28',2739.55),('2017-08-24',2734.45),('2017-08-23',2760.50),('2017-08-22',2740.50),('2017-08-21',2770.60),('2017-08-18',2815.70),('2017-08-17',2820.70),('2017-08-16',2850.55),('2017-08-14',2833.40),('2017-08-11',2788.50),('2017-08-10',2794.80),('2017-08-09',2833.05),('2017-08-08',2913.80),('2017-08-07',2890.00),('2017-08-04',2873.70),('2017-08-03',2834.75),('2017-08-02',2802.05),('2017-08-01',2823.00),('2017-07-31',2807.60),('2017-07-28',2822.75),('2017-07-27',2846.40),('2017-07-26',2838.05),('2017-07-25',2844.95),('2017-07-24',2826.85),('2017-07-21',2815.00),('2017-07-20',2818.65),('2017-07-19',2824.75),('2017-07-18',2824.05),('2017-07-17',2811.95),('2017-07-14',2811.30),('2017-07-13',2790.50),('2017-07-12',2786.00),('2017-07-11',2793.40),('2017-07-10',2729.50),('2017-07-07',2707.95),('2017-07-06',2729.60),('2017-07-05',2771.80),('2017-07-04',2771.25),('2017-07-03',2790.70),('2017-06-30',2790.50),('2017-06-29',2802.90),('2017-06-28',2781.40),('2017-06-27',2779.20),('2017-06-23',2824.60),('2017-06-22',2840.45),('2017-06-21',2821.10),('2017-06-20',2816.45),('2017-06-19',2834.50),('2017-06-16',2808.95),('2017-06-15',2815.45),('2017-06-14',2831.10),('2017-06-13',2828.10),('2017-06-12',2826.90),('2017-06-09',2866.10),('2017-06-08',2869.25),('2017-06-07',2873.40),('2017-06-06',2875.25),('2017-06-05',2900.70),('2017-06-02',2846.10),('2017-06-01',2840.75),('2017-05-31',2843.95),('2017-05-30',2846.25),('2017-05-29',2834.40),('2017-05-26',2816.30),('2017-05-25',2821.60),('2017-05-24',2771.55),('2017-05-23',2824.40),('2017-05-22',2912.50),('2017-05-19',2971.45),('2017-05-18',2973.85),('2017-05-17',3032.60),('2017-05-16',3023.90),('2017-05-15',2992.30),('2017-05-12',3001.00),('2017-05-11',2998.25),('2017-05-10',2899.40),('2017-05-09',2861.20),('2017-05-08',2854.85),('2017-05-05',2890.15),('2017-05-04',2934.80),('2017-05-03',2923.60),('2017-05-02',2904.95),('2017-04-28',2868.35),('2017-04-27',2860.60),('2017-04-26',2888.05),('2017-04-25',2896.40),('2017-04-24',2859.30),('2017-04-21',2823.90),('2017-04-20',2832.30),('2017-04-19',2810.45),('2017-04-18',2822.55),('2017-04-17',2850.50),('2017-04-13',2837.35),('2017-04-12',2835.75),('2017-04-11',2822.45),('2017-04-10',2837.70),('2017-04-07',2832.70),('2017-04-06',2801.00),('2017-04-05',2760.70),('2017-04-03',2783.90),('2017-03-31',2807.50),('2017-03-30',2820.65),('2017-03-29',2831.00),('2017-03-28',2822.95),('2017-03-27',2813.35),('2017-03-24',2846.35),('2017-03-23',2864.65),('2017-03-22',2853.20),('2017-03-21',2908.60),('2017-03-20',2920.75),('2017-03-17',2913.80),('2017-03-16',2936.70),('2017-03-15',2870.35),('2017-03-14',2867.25),('2017-03-10',2866.15),('2017-03-09',2872.70),('2017-03-08',2865.50),('2017-03-07',2876.55),('2017-03-06',2878.75),('2017-03-03',2831.10),('2017-03-02',2831.80),('2017-03-01',2773.00),('2017-02-28',2758.25),('2017-02-27',2801.85),('2017-02-23',2812.05),('2017-02-22',2799.80),('2017-02-21',2806.10),('2017-02-20',2793.10),('2017-02-17',2781.50),('2017-02-16',2788.50),('2017-02-15',2790.00),('2017-02-14',2779.40),('2017-02-13',2806.40),('2017-02-10',2795.80),('2017-02-09',2785.25),('2017-02-08',2786.20),('2017-02-07',2775.00),('2017-02-06',2798.60),('2017-02-03',2809.95),('2017-02-02',2808.80),('2017-02-01',2856.65),('2017-01-31',2837.75),('2017-01-30',2825.35),('2017-01-27',2853.50),('2017-01-25',2851.00),('2017-01-24',2796.10),('2017-01-23',2707.40),('2017-01-20',2698.35),('2017-01-19',2695.95),('2017-01-18',2704.30),('2017-01-17',2729.90),('2017-01-16',2722.00),('2017-01-13',2708.05),('2017-01-12',2731.50),('2017-01-11',2717.55),('2017-01-10',2740.80),('2017-01-09',2721.05),('2017-01-06',2708.40),('2017-01-05',2720.95),('2017-01-04',2688.55),('2017-01-03',2620.10),('2017-01-02',2596.80),('2016-12-30',2633.85),('2016-12-29',2655.45),('2016-12-28',2631.60),('2016-12-27',2633.60),('2016-12-26',2596.70),('2016-12-23',2621.35),('2016-12-22',2566.55),('2016-12-21',2585.65),('2016-12-20',2585.40),('2016-12-19',2646.30),('2016-12-16',2658.90),('2016-12-15',2674.65),('2016-12-14',2649.45),('2016-12-13',2659.40),('2016-12-12',2652.75),('2016-12-09',2719.55),('2016-12-08',2773.75),('2016-12-07',2701.70),('2016-12-06',2728.05),('2016-12-05',2737.50),('2016-12-02',2702.45),('2016-12-01',2685.15),('2016-11-30',2683.75),('2016-11-29',2661.80),('2016-11-28',2637.45),('2016-11-25',2612.85),('2016-11-24',2632.30),('2016-11-23',2595.75),('2016-11-22',2600.60),('2016-11-21',2527.60),('2016-11-18',2574.60),('2016-11-17',2544.35),('2016-11-16',2610.85),('2016-11-15',2575.75),('2016-11-11',2648.05),('2016-11-10',2735.30),('2016-11-09',2781.60),('2016-11-08',2865.70),('2016-11-07',2828.10),('2016-11-04',2813.35),('2016-11-03',2831.45),('2016-11-02',2817.65),('2016-11-01',2824.70),('2016-10-30',2833.45),('2016-10-28',2834.65),('2016-10-27',2764.35),('2016-10-26',2818.65),('2016-10-25',2799.95),('2016-10-24',2789.30),('2016-10-21',2798.95),('2016-10-20',2788.25),('2016-10-19',2787.15),('2016-10-18',2790.85),('2016-10-17',2754.30),('2016-10-14',2804.80),('2016-10-13',2823.75),('2016-10-10',2874.85),('2016-10-07',2883.90),('2016-10-06',2825.90),('2016-10-05',2857.20),('2016-10-04',2894.35),('2016-10-03',2882.55),('2016-09-30',2832.15),('2016-09-29',2844.55),('2016-09-28',2913.90),('2016-09-27',2871.05),('2016-09-26',2890.75),('2016-09-23',2926.60),('2016-09-22',2925.50),('2016-09-21',2902.90),('2016-09-20',2888.10),('2016-09-19',2945.75),('2016-09-16',2980.00),('2016-09-15',2931.95),('2016-09-14',2980.05),('2016-09-12',2955.30),('2016-09-09',3034.10),('2016-09-08',3090.55),('2016-09-07',2985.85),('2016-09-06',3006.65),('2016-09-02',2999.85),('2016-09-01',2996.55),('2016-08-31',2980.95),('2016-08-30',2982.15),('2016-08-29',2884.30),('2016-08-26',2857.25),('2016-08-25',2863.00),('2016-08-24',2872.25),('2016-08-23',2875.25),('2016-08-22',2931.45),('2016-08-19',2931.50),('2016-08-18',2942.75),('2016-08-17',2932.90),('2016-08-16',2875.65),('2016-08-12',2867.45),('2016-08-11',2844.70),('2016-08-10',2849.00),('2016-08-09',2864.15),('2016-08-08',2873.00),('2016-08-05',2859.85),('2016-08-04',2739.80),('2016-08-03',2716.30),('2016-08-02',2748.45),('2016-08-01',2735.40),('2016-07-29',2702.00),('2016-07-28',2660.60),('2016-07-27',2668.75),('2016-07-26',2670.15),('2016-07-25',2700.00),('2016-07-22',2720.75),('2016-07-21',2764.90),('2016-07-20',2769.00),('2016-07-19',2750.25),('2016-07-18',2755.80),('2016-07-15',2688.40),('2016-07-14',2661.55),('2016-07-13',2655.65),('2016-07-12',2652.15),('2016-07-11',2649.20),('2016-07-08',2606.45),('2016-07-07',2610.40),('2016-07-05',2613.95),('2016-07-04',2650.85),('2016-07-01',2668.90),('2016-06-30',2686.25),('2016-06-29',2644.75),('2016-06-28',2626.20),('2016-06-27',2651.60),('2016-06-24',2679.00),('2016-06-23',2651.25),('2016-06-22',2626.65),('2016-06-21',2625.20),('2016-06-20',2612.05),('2016-06-17',2577.10),('2016-06-16',2566.40),('2016-06-15',2602.10),('2016-06-14',2561.20),('2016-06-13',2587.20),('2016-06-10',2585.05),('2016-06-09',2593.25),('2016-06-08',2631.55),('2016-06-07',2642.25),('2016-06-06',2633.25),('2016-06-03',2635.00),('2016-06-02',2594.85),('2016-06-01',2602.70),('2016-05-31',2618.90),('2016-05-30',2608.75),('2016-05-27',2567.45),('2016-05-26',2505.15),('2016-05-25',2478.85),('2016-05-24',2384.50),('2016-05-23',2416.75),('2016-05-20',2461.00),('2016-05-19',2440.70),('2016-05-18',2466.45),('2016-05-17',2513.00),('2016-05-16',2518.60),('2016-05-13',2514.30),('2016-05-12',2550.45),('2016-05-11',2517.75),('2016-05-10',2532.80),('2016-05-09',2527.95),('2016-05-06',2435.85),('2016-05-05',2453.00),('2016-05-04',2459.20),('2016-05-03',2463.20),('2016-05-02',2477.55),('2016-04-29',2484.60),('2016-04-28',2488.45),('2016-04-27',2549.10),('2016-04-26',2549.65),('2016-04-25',2543.25),('2016-04-22',2521.10),('2016-04-21',2496.10),('2016-04-20',2536.30),('2016-04-18',2540.30),('2016-04-13',2580.80),('2016-04-12',2459.10),('2016-04-11',2431.80),('2016-04-08',2390.65),('2016-04-07',2374.80),('2016-04-06',2396.75),('2016-04-05',2396.45),('2016-04-04',2449.70),('2016-04-01',2417.15),('2016-03-31',2406.10),('2016-03-30',2417.20),('2016-03-29',2347.30),('2016-03-28',2355.50),('2016-03-23',2354.45),('2016-03-22',2309.65),('2016-03-21',2311.80),('2016-03-18',2301.85),('2016-03-17',2269.80),('2016-03-16',2249.65),('2016-03-15',2278.45),('2016-03-14',2313.05),('2016-03-11',2325.80),('2016-03-10',2319.90),('2016-03-09',2313.85),('2016-03-08',2316.85),('2016-03-04',2304.70),('2016-03-03',2279.25),('2016-03-02',2233.60),('2016-03-01',2260.00),('2016-02-29',2200.40),('2016-02-26',2236.85),('2016-02-25',2317.80),('2016-02-24',2344.65),('2016-02-23',2396.25),('2016-02-22',2475.30),('2016-02-19',2457.00),('2016-02-18',2405.50),('2016-02-17',2356.90),('2016-02-16',2334.75),('2016-02-15',2343.25),('2016-02-12',2302.95),('2016-02-11',2331.15),('2016-02-10',2371.05),('2016-02-09',2377.65),('2016-02-08',2348.70),('2016-02-05',2361.10),('2016-02-04',2310.05),('2016-02-03',2348.05),('2016-02-02',2362.55),('2016-02-01',2328.10),('2016-01-29',2341.90),('2016-01-28',2269.75),('2016-01-27',2301.70),('2016-01-25',2323.15),('2016-01-22',2317.60),('2016-01-21',2274.00),('2016-01-20',2276.25),('2016-01-19',2266.60),('2016-01-18',2249.60),('2016-01-15',2335.20),('2016-01-14',2362.15),('2016-01-13',2364.00),('2016-01-12',2342.45),('2016-01-11',2359.80),('2016-01-08',2376.85),('2016-01-07',2419.25),('2016-01-06',2485.50),('2016-01-05',2497.05),('2016-01-04',2488.15),('2016-01-01',2520.05),('2015-12-31',2533.50),('2015-12-30',2515.50),('2015-12-29',2531.15),('2015-12-28',2487.45),('2015-12-24',2484.80),('2015-12-23',2475.60),('2015-12-22',2476.10),('2015-12-21',2489.25),('2015-12-18',2481.95),('2015-12-17',2524.20),('2015-12-16',2451.65),('2015-12-15',2435.45),('2015-12-14',2409.75),('2015-12-11',2411.90),('2015-12-10',2441.45),('2015-12-09',2390.45),('2015-12-08',2462.45),('2015-12-07',2449.00),('2015-12-04',2469.15),('2015-12-03',2481.10),('2015-12-02',2499.40),('2015-12-01',2461.20),('2015-11-30',2481.55),('2015-11-27',2448.85),('2015-11-26',2462.40),('2015-11-24',2478.85),('2015-11-23',2523.20),('2015-11-20',2468.50),('2015-11-19',2423.65),('2015-11-18',2345.65),('2015-11-17',2363.85),('2015-11-16',2383.50),('2015-11-13',2377.00),('2015-11-11',2451.05),('2015-11-10',2453.20),('2015-11-09',2409.00),('2015-11-06',2422.90),('2015-11-05',2414.25),('2015-11-04',2448.75),('2015-11-03',2421.35),('2015-11-02',2432.15),('2015-10-30',2549.60),('2015-10-29',2575.15),('2015-10-28',2568.80),('2015-10-27',2582.25),('2015-10-26',2567.55),('2015-10-23',2513.85),('2015-10-21',2518.25),('2015-10-20',2438.30),('2015-10-19',2459.75),('2015-10-16',2458.45),('2015-10-15',2451.80),('2015-10-14',2439.60),('2015-10-13',2460.75),('2015-10-12',2425.35),('2015-10-09',2444.15),('2015-10-08',2435.20),('2015-10-07',2452.30),('2015-10-06',2377.60),('2015-10-05',2384.40),('2015-10-01',2313.85),('2015-09-30',2309.75),('2015-09-29',2251.75),('2015-09-28',2275.90),('2015-09-24',2283.10),('2015-09-23',2240.25),('2015-09-22',2258.15),('2015-09-21',2303.05),('2015-09-18',2294.15),('2015-09-16',2345.65),('2015-09-15',2295.20),('2015-09-14',2310.50),('2015-09-11',2318.50),('2015-09-10',2302.45),('2015-09-09',2269.05),('2015-09-08',2209.80),('2015-09-07',2192.75),('2015-09-04',2207.85),('2015-09-03',2246.85),('2015-09-02',2207.35),('2015-09-01',2251.75),('2015-08-31',2254.90),('2015-08-28',2269.20),('2015-08-27',2189.30),('2015-08-26',2244.15),('2015-08-25',2204.65),('2015-08-24',2188.45),('2015-08-21',2407.35),('2015-08-20',2492.10),('2015-08-19',2541.25),('2015-08-18',2522.00),('2015-08-17',2529.95),('2015-08-14',2558.80),('2015-08-13',2489.05),('2015-08-12',2462.10),('2015-08-11',2541.75),('2015-08-10',2556.30),('2015-08-07',2537.85),('2015-08-06',2575.45),('2015-08-05',2569.70),('2015-08-04',2510.55),('2015-08-03',2504.40),('2015-07-31',2519.15),('2015-07-30',2523.80),('2015-07-29',2495.15),('2015-07-28',2476.05),('2015-07-27',2507.70),('2015-07-24',2497.45),('2015-07-23',2487.75),('2015-07-22',2619.10),('2015-07-21',2544.60),('2015-07-20',2519.55),('2015-07-17',2527.25),('2015-07-16',2544.25),('2015-07-15',2532.45),('2015-07-14',2499.05),('2015-07-13',2497.45),('2015-07-10',2470.90),('2015-07-09',2513.95),('2015-07-08',2573.90),('2015-07-07',2606.25),('2015-07-06',2595.35),('2015-07-03',2586.15),('2015-07-02',2565.80),('2015-07-01',2523.60),('2015-06-30',2535.65),('2015-06-29',2550.60),('2015-06-26',2540.15),('2015-06-25',2506.25),('2015-06-24',2395.00),('2015-06-23',2412.45),('2015-06-22',2425.40),('2015-06-19',2405.60),('2015-06-18',2397.35),('2015-06-17',2368.05),('2015-06-16',2391.35),('2015-06-15',2334.30),('2015-06-12',2285.55),('2015-06-11',2207.55),('2015-06-10',2253.10),('2015-06-09',2185.85),('2015-06-08',2221.30),('2015-06-05',2199.35),('2015-06-04',2216.20),('2015-06-03',2240.80),('2015-06-02',2269.10),('2015-06-01',2336.30),('2015-05-29',2315.00),('2015-05-28',2302.65),('2015-05-27',2306.40),('2015-05-26',2315.50),('2015-05-25',2301.85),('2015-05-22',2310.50),('2015-05-21',2299.75),('2015-05-20',2150.50),('2015-05-19',2199.25),('2015-05-18',2221.95),('2015-05-15',2181.85),('2015-05-14',2165.00),('2015-05-13',2125.20),('2015-05-12',2128.95),('2015-05-11',2182.10),('2015-05-08',2129.35),('2015-05-07',2067.00),('2015-05-06',2020.25),('2015-05-05',2063.35),('2015-05-04',2093.70),('2015-04-30',1949.40),('2015-04-29',1978.10),('2015-04-28',1990.55),('2015-04-27',1990.55),('2015-04-24',1996.85),('2015-04-23',1991.40),('2015-04-22',1988.50),('2015-04-21',1992.95),('2015-04-20',2018.50),('2015-04-17',2065.70),('2015-04-16',2086.70),('2015-04-15',2077.80),('2015-04-13',2100.45),('2015-04-10',2100.60),('2015-04-09',2097.25),('2015-04-08',2104.75),('2015-04-07',2093.00),('2015-04-06',2031.35),('2015-04-01',2018.65),('2015-03-31',2017.35),('2015-03-30',2023.75),('2015-03-27',2017.15),('2015-03-26',2001.75),('2015-03-25',2017.85),('2015-03-24',2027.90),('2015-03-23',2032.75),('2015-03-20',2021.35),('2015-03-19',2024.40),('2015-03-18',2034.55),('2015-03-17',2045.65),('2015-03-16',2030.25),('2015-03-13',2022.90),('2015-03-12',2077.85),('2015-03-11',2099.00),('2015-03-10',2128.95),('2015-03-09',2113.10),('2015-03-05',2120.35),('2015-03-04',2122.10),('2015-03-03',2116.15),('2015-03-02',2074.75),('2015-02-28',2161.80),('2015-02-27',2150.45),('2015-02-26',2134.95),('2015-02-25',2180.80),('2015-02-24',2191.95),('2015-02-23',2184.75),('2015-02-20',2209.30),('2015-02-19',2223.40),('2015-02-18',2240.65),('2015-02-16',2261.70),('2015-02-13',2261.75),('2015-02-12',2260.65),('2015-02-11',2291.95),('2015-02-10',2266.50),('2015-02-09',2267.55),('2015-02-06',2228.25),('2015-02-05',2243.05),('2015-02-04',2247.55),('2015-02-03',2260.10),('2015-02-02',2347.80),('2015-01-30',2389.35),('2015-01-29',2402.70),('2015-01-28',2396.90),('2015-01-27',2417.55),('2015-01-23',2442.20),('2015-01-22',2438.90),('2015-01-21',2442.00),('2015-01-20',2411.05),('2015-01-19',2411.30),('2015-01-16',2420.05),('2015-01-15',2417.95),('2015-01-14',2363.65),('2015-01-13',2326.25),('2015-01-12',2333.25),('2015-01-09',2381.50),('2015-01-08',2450.05),('2015-01-07',2447.20),('2015-01-06',2440.35),('2015-01-05',2460.15),('2015-01-02',2453.50),('2015-01-01',2454.10);

--
-- FEED EICHER TABLE
-- 
INSERT INTO `eicher` VALUES ('2018-07-31',27820.95),('2018-07-30',28570.35),('2018-07-27',28963.80),('2018-07-26',28266.70),('2018-07-25',27346.20),('2018-07-24',27700.80),('2018-07-23',26999.55),('2018-07-20',27052.40),('2018-07-19',26982.00),('2018-07-18',27262.50),('2018-07-17',27215.95),('2018-07-16',27392.55),('2018-07-13',27601.30),('2018-07-12',28020.35),('2018-07-11',28178.25),('2018-07-10',28280.70),('2018-07-09',27686.60),('2018-07-06',27586.00),('2018-07-05',27962.10),('2018-07-04',28256.75),('2018-07-03',28102.70),('2018-07-02',28200.50),('2018-06-29',28560.80),('2018-06-28',28373.55),('2018-06-27',28371.30),('2018-06-26',29090.05),('2018-06-25',29436.10),('2018-06-22',29154.65),('2018-06-21',29492.50),('2018-06-20',29764.05),('2018-06-19',29962.30),('2018-06-18',30125.05),('2018-06-15',29506.40),('2018-06-14',29531.55),('2018-06-13',29382.80),('2018-06-12',29225.20),('2018-06-11',29639.85),('2018-06-08',29560.35),('2018-06-07',29667.20),('2018-06-06',29895.50),('2018-06-05',29261.65),('2018-06-04',29382.20),('2018-06-01',29788.80),('2018-05-31',30647.25),('2018-05-30',30239.35),('2018-05-29',30492.95),('2018-05-28',30636.75),('2018-05-25',30103.30),('2018-05-24',29483.35),('2018-05-23',29399.25),('2018-05-22',29918.00),('2018-05-21',29444.65),('2018-05-18',30131.25),('2018-05-17',30494.80),('2018-05-16',30549.95),('2018-05-15',30742.80),('2018-05-14',30471.95),('2018-05-11',30861.15),('2018-05-10',30688.60),('2018-05-09',30305.45),('2018-05-08',30435.25),('2018-05-07',29806.30),('2018-05-04',29217.30),('2018-05-03',29905.10),('2018-05-02',30479.00),('2018-04-30',31214.95),('2018-04-27',31557.55),('2018-04-26',31188.10),('2018-04-25',30739.30),('2018-04-24',31149.45),('2018-04-23',30934.20),('2018-04-20',31155.00),('2018-04-19',30902.65),('2018-04-18',30870.35),('2018-04-17',31039.90),('2018-04-16',31300.10),('2018-04-13',31341.55),('2018-04-12',30671.80),('2018-04-11',30689.40),('2018-04-10',29980.75),('2018-04-09',29849.30),('2018-04-06',29793.85),('2018-04-05',29667.00),('2018-04-04',28944.40),('2018-04-03',28051.95),('2018-04-02',28301.40),('2018-03-28',28336.95),('2018-03-27',28412.60),('2018-03-26',27840.85),('2018-03-23',27919.30),('2018-03-22',28008.60),('2018-03-21',27954.50),('2018-03-20',28286.40),('2018-03-19',27421.25),('2018-03-16',28048.00),('2018-03-15',28655.35),('2018-03-14',28796.15),('2018-03-13',28794.70),('2018-03-12',28323.30),('2018-03-09',27875.00),('2018-03-08',27702.30),('2018-03-07',27450.15),('2018-03-06',27421.10),('2018-03-05',27563.30),('2018-03-01',27734.85),('2018-02-28',27421.45),('2018-02-27',27141.65),('2018-02-26',27181.05),('2018-02-23',26717.35),('2018-02-22',26805.45),('2018-02-21',27379.35),('2018-02-20',26924.60),('2018-02-19',27083.10),('2018-02-16',27350.10),('2018-02-15',28322.40),('2018-02-14',28020.75),('2018-02-12',27873.65),('2018-02-09',27743.10),('2018-02-08',28116.75),('2018-02-07',27997.60),('2018-02-06',27567.95),('2018-02-05',27575.95),('2018-02-02',27738.80),('2018-02-01',27995.35),('2018-01-31',26948.90),('2018-01-30',26653.10),('2018-01-29',27463.45),('2018-01-25',26524.95),('2018-01-24',26400.85),('2018-01-23',27112.90),('2018-01-22',27652.00),('2018-01-19',27987.45),('2018-01-18',27926.35),('2018-01-17',28193.90),('2018-01-16',27906.55),('2018-01-15',27991.15),('2018-01-12',28514.40),('2018-01-11',28382.95),('2018-01-10',28100.25),('2018-01-09',28594.00),('2018-01-08',29131.30),('2018-01-05',29250.85),('2018-01-04',28574.70),('2018-01-03',28794.60),('2018-01-02',28697.45),('2018-01-01',29901.30),('2017-12-29',30290.55),('2017-12-28',29951.75),('2017-12-27',30164.00),('2017-12-26',30121.00),('2017-12-22',30247.85),('2017-12-21',30221.40),('2017-12-20',30254.75),('2017-12-19',30794.95),('2017-12-18',29909.50),('2017-12-15',29503.35),('2017-12-14',28702.95),('2017-12-13',28689.50),('2017-12-12',28610.10),('2017-12-11',29242.80),('2017-12-08',29005.05),('2017-12-07',28857.05),('2017-12-06',28204.75),('2017-12-05',28920.05),('2017-12-04',29399.10),('2017-12-01',29302.50),('2017-11-30',29981.05),('2017-11-29',30234.80),('2017-11-28',30512.05),('2017-11-27',30831.35),('2017-11-24',30808.20),('2017-11-23',30635.95),('2017-11-22',30198.05),('2017-11-21',30397.25),('2017-11-20',30650.25),('2017-11-17',30637.60),('2017-11-16',30483.95),('2017-11-15',30476.15),('2017-11-14',30083.20),('2017-11-13',30561.85),('2017-11-10',30478.65),('2017-11-09',30819.75),('2017-11-08',31120.55),('2017-11-07',31146.60),('2017-11-06',31097.85),('2017-11-03',31168.85),('2017-11-02',31151.50),('2017-11-01',30929.75),('2017-10-31',32287.50),('2017-10-30',32360.75),('2017-10-27',31782.85),('2017-10-26',31494.70),('2017-10-25',31696.45),('2017-10-24',31466.10),('2017-10-23',31140.85),('2017-10-19',31486.30),('2017-10-18',31477.50),('2017-10-17',31829.25),('2017-10-16',31736.20),('2017-10-13',31368.20),('2017-10-12',31285.35),('2017-10-11',31251.15),('2017-10-10',31605.65),('2017-10-09',31794.85),('2017-10-06',31538.20),('2017-10-05',30787.55),('2017-10-04',30903.40),('2017-10-03',31157.75),('2017-09-29',31179.95),('2017-09-28',30168.45),('2017-09-27',30466.70),('2017-09-26',30823.85),('2017-09-25',30970.45),('2017-09-22',31522.80),('2017-09-21',31832.00),('2017-09-20',32388.00),('2017-09-19',32354.85),('2017-09-18',32763.85),('2017-09-15',31956.20),('2017-09-14',32059.40),('2017-09-13',32210.90),('2017-09-12',32582.30),('2017-09-11',32466.75),('2017-09-08',32628.70),('2017-09-07',32786.40),('2017-09-06',32040.90),('2017-09-05',31883.80),('2017-09-04',31685.15),('2017-09-01',31713.80),('2017-08-31',31404.25),('2017-08-30',30973.70),('2017-08-29',30846.45),('2017-08-28',31277.00),('2017-08-24',30806.75),('2017-08-23',30651.65),('2017-08-22',30997.80),('2017-08-21',31523.40),('2017-08-18',31454.20),('2017-08-17',30847.65),('2017-08-16',30589.90),('2017-08-14',30401.95),('2017-08-11',29615.80),('2017-08-10',30192.75),('2017-08-09',31520.55),('2017-08-08',32135.60),('2017-08-07',32007.65),('2017-08-04',31590.75),('2017-08-03',30703.30),('2017-08-02',31172.65),('2017-08-01',31437.05),('2017-07-31',30040.60),('2017-07-28',29332.55),('2017-07-27',29061.65),('2017-07-26',28959.25),('2017-07-25',28376.60),('2017-07-24',28843.10),('2017-07-21',28858.25),('2017-07-20',29200.60),('2017-07-19',29181.00),('2017-07-18',28568.10),('2017-07-17',28050.95),('2017-07-14',27894.30),('2017-07-13',28053.50),('2017-07-12',28248.05),('2017-07-11',28125.10),('2017-07-10',27928.75),('2017-07-07',27856.60),('2017-07-06',27701.55),('2017-07-05',28048.20),('2017-07-04',27841.95),('2017-07-03',27752.10),('2017-06-30',27013.70),('2017-06-29',27436.20),('2017-06-28',27227.60),('2017-06-27',26669.00),('2017-06-23',27172.40),('2017-06-22',27652.85),('2017-06-21',27561.95),('2017-06-20',27878.35),('2017-06-19',28465.00),('2017-06-16',28722.65),('2017-06-15',28804.50),('2017-06-14',29024.10),('2017-06-13',29179.75),('2017-06-12',29311.70),('2017-06-09',29748.50),('2017-06-08',29613.80),('2017-06-07',29621.05),('2017-06-06',29224.60),('2017-06-05',29323.80),('2017-06-02',29179.95),('2017-06-01',28756.10),('2017-05-31',28431.15),('2017-05-30',28336.25),('2017-05-29',28177.70),('2017-05-26',28348.45),('2017-05-25',27954.05),('2017-05-24',27411.80),('2017-05-23',27589.35),('2017-05-22',27223.65),('2017-05-19',27903.55),('2017-05-18',28349.20),('2017-05-17',29116.15),('2017-05-16',29307.45),('2017-05-15',28937.05),('2017-05-12',29169.60),('2017-05-11',29402.10),('2017-05-10',27851.75),('2017-05-09',27113.05),('2017-05-08',26910.30),('2017-05-05',25837.45),('2017-05-04',25764.60),('2017-05-03',25900.05),('2017-05-02',25767.25),('2017-04-28',26022.25),('2017-04-27',25974.80),('2017-04-26',26027.40),('2017-04-25',26089.65),('2017-04-24',26091.15),('2017-04-21',25551.25),('2017-04-20',25502.10),('2017-04-19',25430.45),('2017-04-18',25566.20),('2017-04-17',26107.90),('2017-04-13',26104.60),('2017-04-12',26357.70),('2017-04-11',25819.20),('2017-04-10',25564.55),('2017-04-07',25778.30),('2017-04-06',25552.20),('2017-04-05',25676.50),('2017-04-03',25493.45),('2017-03-31',25554.15),('2017-03-30',25638.15),('2017-03-29',25056.25),('2017-03-28',24936.80),('2017-03-27',24168.00),('2017-03-24',24365.95),('2017-03-23',24361.60),('2017-03-22',24541.70),('2017-03-21',24902.05),('2017-03-20',25033.00),('2017-03-17',24601.75),('2017-03-16',24514.50),('2017-03-15',24099.00),('2017-03-14',23963.25),('2017-03-10',23393.25),('2017-03-09',23404.40),('2017-03-08',23475.45),('2017-03-07',23217.80),('2017-03-06',23076.20),('2017-03-03',23080.75),('2017-03-02',23449.20),('2017-03-01',23712.00),('2017-02-28',24169.05),('2017-02-27',24333.65),('2017-02-23',24889.60),('2017-02-22',25032.70),('2017-02-21',25234.45),('2017-02-20',25116.50),('2017-02-17',25040.85),('2017-02-16',25262.90),('2017-02-15',24718.80),('2017-02-14',25320.00),('2017-02-13',24779.00),('2017-02-10',23982.85),('2017-02-09',23857.00),('2017-02-08',23867.90),('2017-02-07',23717.90),('2017-02-06',23745.50),('2017-02-03',23382.65),('2017-02-02',23757.05),('2017-02-01',24007.95),('2017-01-31',23037.45),('2017-01-30',23301.45),('2017-01-27',23465.60),('2017-01-25',23011.85),('2017-01-24',23006.90),('2017-01-23',22727.95),('2017-01-20',22744.40),('2017-01-19',22845.15),('2017-01-18',22441.80),('2017-01-17',22285.40),('2017-01-16',22327.25),('2017-01-13',22773.10),('2017-01-12',22816.00),('2017-01-11',23174.00),('2017-01-10',22986.30),('2017-01-09',22979.15),('2017-01-06',22714.60),('2017-01-05',22324.75),('2017-01-04',22177.80),('2017-01-03',22497.55),('2017-01-02',22510.60),('2016-12-30',21812.10),('2016-12-29',21477.85),('2016-12-28',20885.25),('2016-12-27',20565.10),('2016-12-26',20275.50),('2016-12-23',20919.55),('2016-12-22',21301.40),('2016-12-21',21328.55),('2016-12-20',21160.30),('2016-12-19',21543.70),('2016-12-16',21757.45),('2016-12-15',21495.75),('2016-12-14',21806.10),('2016-12-13',22286.70),('2016-12-12',22215.15),('2016-12-09',22849.00),('2016-12-08',23257.20),('2016-12-07',23316.20),('2016-12-06',22463.10),('2016-12-05',22741.90),('2016-12-02',22699.05),('2016-12-01',22179.15),('2016-11-30',21675.40),('2016-11-29',21343.40),('2016-11-28',20226.40),('2016-11-25',20144.50),('2016-11-24',20353.25),('2016-11-23',20910.55),('2016-11-22',20656.35),('2016-11-21',20357.95),('2016-11-18',21805.20),('2016-11-17',21026.95),('2016-11-16',21093.65),('2016-11-15',20284.35),('2016-11-11',21745.40),('2016-11-10',23070.35),('2016-11-09',23409.15),('2016-11-08',24237.05),('2016-11-07',24034.85),('2016-11-04',23951.95),('2016-11-03',24568.20),('2016-11-02',24799.90),('2016-11-01',25309.30),('2016-10-30',24021.80),('2016-10-28',24025.65),('2016-10-27',24531.60),('2016-10-26',24431.30),('2016-10-25',24663.00),('2016-10-24',24893.85),('2016-10-21',25109.40),('2016-10-20',24965.95),('2016-10-19',25007.25),('2016-10-18',25083.40),('2016-10-17',24645.45),('2016-10-14',25397.05),('2016-10-13',25804.85),('2016-10-10',25835.10),('2016-10-07',25804.25),('2016-10-06',26217.20),('2016-10-05',26260.65),('2016-10-04',25825.45),('2016-10-03',25773.15),('2016-09-30',24917.40),('2016-09-29',24859.75),('2016-09-28',25741.80),('2016-09-27',24614.55),('2016-09-26',24660.35),('2016-09-23',24863.55),('2016-09-22',24777.65),('2016-09-21',24118.75),('2016-09-20',23343.80),('2016-09-19',23082.15),('2016-09-16',23056.35),('2016-09-15',22491.30),('2016-09-14',22596.20),('2016-09-12',22744.65),('2016-09-09',22949.75),('2016-09-08',23349.85),('2016-09-07',22973.90),('2016-09-06',22971.00),('2016-09-02',22801.35),('2016-09-01',22786.40),('2016-08-31',22732.70),('2016-08-30',23043.55),('2016-08-29',22310.60),('2016-08-26',22327.40),('2016-08-25',22116.35),('2016-08-24',22121.80),('2016-08-23',22003.05),('2016-08-22',21798.25),('2016-08-19',21759.35),('2016-08-18',22190.05),('2016-08-17',22275.20),('2016-08-16',22450.50),('2016-08-12',22263.30),('2016-08-11',22281.70),('2016-08-10',21724.20),('2016-08-09',22064.30),('2016-08-08',22440.65),('2016-08-05',22258.30),('2016-08-04',21423.85),('2016-08-03',21382.15),('2016-08-02',21839.75),('2016-08-01',22297.75),('2016-07-29',22465.80),('2016-07-28',21075.20),('2016-07-27',20335.35),('2016-07-26',20122.20),('2016-07-25',19938.35),('2016-07-22',19832.10),('2016-07-21',19684.90),('2016-07-20',19857.75),('2016-07-19',19696.00),('2016-07-18',19900.80),('2016-07-15',19774.20),('2016-07-14',19509.50),('2016-07-13',19526.30),('2016-07-12',19668.60),('2016-07-11',19550.00),('2016-07-08',19451.80),('2016-07-07',19576.95),('2016-07-05',19419.30),('2016-07-04',19463.60),('2016-07-01',19156.55),('2016-06-30',19223.70),('2016-06-29',19110.45),('2016-06-28',19188.50),('2016-06-27',18701.40),('2016-06-24',18623.80),('2016-06-23',18660.25),('2016-06-22',18771.50),('2016-06-21',18730.50),('2016-06-20',18654.95),('2016-06-17',18744.85),('2016-06-16',18783.40),('2016-06-15',18634.65),('2016-06-14',18761.30),('2016-06-13',18416.85),('2016-06-10',18620.65),('2016-06-09',18608.65),('2016-06-08',18799.65),('2016-06-07',18805.70),('2016-06-06',18955.35),('2016-06-03',18781.50),('2016-06-02',18767.30),('2016-06-01',18692.15),('2016-05-31',18524.20),('2016-05-30',18720.95),('2016-05-27',18751.30),('2016-05-26',18421.10),('2016-05-25',18525.40),('2016-05-24',18175.65),('2016-05-23',18257.10),('2016-05-20',18286.95),('2016-05-19',18223.20),('2016-05-18',18720.15),('2016-05-17',18611.35),('2016-05-16',19067.15),('2016-05-13',18995.75),('2016-05-12',19749.55),('2016-05-11',19981.45),('2016-05-10',20255.90),('2016-05-09',20475.45),('2016-05-06',20216.80),('2016-05-05',19687.45),('2016-05-04',19746.50),('2016-05-03',19969.40),('2016-05-02',19874.75),('2016-04-29',20032.65),('2016-04-28',20250.80),('2016-04-27',20127.20),('2016-04-26',20167.40),('2016-04-25',19939.45),('2016-04-22',20164.65),('2016-04-21',20312.70),('2016-04-20',20499.30),('2016-04-18',20252.90),('2016-04-13',19896.85),('2016-04-12',19528.85),('2016-04-11',19360.90),('2016-04-08',19178.20),('2016-04-07',18869.65),('2016-04-06',19173.20),('2016-04-05',18746.60),('2016-04-04',19489.10),('2016-04-01',19238.50),('2016-03-31',19139.85),('2016-03-30',18708.85),('2016-03-29',18627.85),('2016-03-28',18408.40),('2016-03-23',18541.10),('2016-03-22',18227.45),('2016-03-21',18372.45),('2016-03-18',18403.10),('2016-03-17',18017.70),('2016-03-16',18702.65),('2016-03-15',19551.85),('2016-03-14',19827.60),('2016-03-11',19996.85),('2016-03-10',19790.05),('2016-03-09',19934.15),('2016-03-08',19860.95),('2016-03-04',19245.80),('2016-03-03',19323.25),('2016-03-02',19274.65),('2016-03-01',19183.00),('2016-02-29',18894.80),('2016-02-26',18857.30),('2016-02-25',18875.65),('2016-02-24',19100.60),('2016-02-23',18968.70),('2016-02-22',18927.10),('2016-02-19',18625.40),('2016-02-18',18721.50),('2016-02-17',18800.85),('2016-02-16',18697.70),('2016-02-15',18754.05),('2016-02-12',17993.20),('2016-02-11',17626.95),('2016-02-10',17897.90),('2016-02-09',18168.80),('2016-02-08',18374.20),('2016-02-05',18128.45),('2016-02-04',16940.65),('2016-02-03',16773.60),('2016-02-02',17197.15),('2016-02-01',17057.05),('2016-01-29',16546.75),('2016-01-28',15972.60),('2016-01-27',16211.05),('2016-01-25',16426.10),('2016-01-22',16464.95),('2016-01-21',15556.00),('2016-01-20',15551.50),('2016-01-19',15794.00),('2016-01-18',15453.90),('2016-01-15',16297.80),('2016-01-14',16997.90),('2016-01-13',17067.40),('2016-01-12',17048.95),('2016-01-11',17257.20),('2016-01-08',17222.85),('2016-01-07',17066.30),('2016-01-06',17550.15),('2016-01-05',17169.50),('2016-01-04',17506.25),('2016-01-01',17365.25),('2015-12-31',16855.20),('2015-12-30',16527.35),('2015-12-29',16664.25),('2015-12-28',16575.10),('2015-12-24',16184.55),('2015-12-23',16195.30),('2015-12-22',16084.45),('2015-12-21',16030.45),('2015-12-18',16175.90),('2015-12-17',16235.70),('2015-12-16',16048.40),('2015-12-15',15793.65),('2015-12-14',15365.20),('2015-12-11',15561.80),('2015-12-10',16032.05),('2015-12-09',15723.85),('2015-12-08',16326.05),('2015-12-07',16227.75),('2015-12-04',16415.20),('2015-12-03',16644.15),('2015-12-02',16343.75),('2015-12-01',16232.25),('2015-11-30',16723.40),('2015-11-27',16567.95),('2015-11-26',16514.30),('2015-11-24',16649.30),('2015-11-23',16757.05),('2015-11-20',16408.95),('2015-11-19',16165.60),('2015-11-18',15875.80),('2015-11-17',15489.95),('2015-11-16',15294.80),('2015-11-13',15616.25),('2015-11-11',16049.30),('2015-11-10',15876.55),('2015-11-09',15933.40),('2015-11-06',16692.75),('2015-11-05',17693.00),('2015-11-04',17805.30),('2015-11-03',18003.25),('2015-11-02',17971.35),('2015-10-30',17761.90),('2015-10-29',17445.20),('2015-10-28',17385.40),('2015-10-27',17688.25),('2015-10-26',17942.70),('2015-10-23',18144.60),('2015-10-21',18199.25),('2015-10-20',18145.85),('2015-10-19',18249.40),('2015-10-16',18283.05),('2015-10-15',18318.80),('2015-10-14',18169.00),('2015-10-13',17816.25),('2015-10-12',17981.10),('2015-10-09',18319.75),('2015-10-08',18680.80),('2015-10-07',18900.40),('2015-10-06',18670.05),('2015-10-05',18763.60),('2015-10-01',18270.55),('2015-09-30',17791.20),('2015-09-29',17468.60),('2015-09-28',17298.60),('2015-09-24',17761.80),('2015-09-23',18250.35),('2015-09-22',18337.90),('2015-09-21',18459.55),('2015-09-18',18215.90),('2015-09-16',17968.35),('2015-09-15',18557.60),('2015-09-14',18813.10),('2015-09-11',18892.20),('2015-09-10',18472.35),('2015-09-09',17939.50),('2015-09-08',17257.55),('2015-09-07',17449.95),('2015-09-04',18146.65),('2015-09-03',18365.15),('2015-09-02',18342.90),('2015-09-01',18258.90),('2015-08-31',18993.35),('2015-08-28',18903.10),('2015-08-27',18814.35),('2015-08-26',18581.65),('2015-08-25',18844.35),('2015-08-24',18571.75),('2015-08-21',20482.05),('2015-08-20',21042.40),('2015-08-19',21243.25),('2015-08-18',20950.60),('2015-08-17',20671.20),('2015-08-14',20601.40),('2015-08-13',19895.25),('2015-08-12',19871.85),('2015-08-11',20165.00),('2015-08-10',20417.15),('2015-08-07',20615.85),('2015-08-06',20544.10),('2015-08-05',20548.00),('2015-08-04',20158.35),('2015-08-03',19105.20),('2015-07-31',19070.05),('2015-07-30',19057.65),('2015-07-29',19265.65),('2015-07-28',19481.90),('2015-07-27',19343.75),('2015-07-24',20097.10),('2015-07-23',20528.85),('2015-07-22',21164.00),('2015-07-21',21336.55),('2015-07-20',21269.45),('2015-07-17',21084.20),('2015-07-16',21071.30),('2015-07-15',20734.35),('2015-07-14',20761.70),('2015-07-13',21171.05),('2015-07-10',20765.80),('2015-07-09',20650.00),('2015-07-08',20476.70),('2015-07-07',20367.15),('2015-07-06',20359.50),('2015-07-03',20253.80),('2015-07-02',21238.65),('2015-07-01',20338.10),('2015-06-30',19578.15),('2015-06-29',19301.65),('2015-06-26',19526.65),('2015-06-25',19505.25),('2015-06-24',19113.60),('2015-06-23',19275.75),('2015-06-22',19397.30),('2015-06-19',19471.15),('2015-06-18',19482.20),('2015-06-17',19297.45),('2015-06-16',18462.80),('2015-06-15',18043.70),('2015-06-12',17399.45),('2015-06-11',17234.35),('2015-06-10',17612.45),('2015-06-09',17099.30),('2015-06-08',17283.60),('2015-06-05',17390.05),('2015-06-04',17182.35),('2015-06-03',18209.75),('2015-06-02',18138.50),('2015-06-01',18785.25),('2015-05-29',18713.80),('2015-05-28',17972.60),('2015-05-27',18353.85),('2015-05-26',18945.20),('2015-05-25',19173.00),('2015-05-22',18669.80),('2015-05-21',18428.30),('2015-05-20',18510.45),('2015-05-19',18275.85),('2015-05-18',18618.15),('2015-05-15',18707.00),('2015-05-14',18190.25),('2015-05-13',18062.70),('2015-05-12',17121.00),('2015-05-11',16865.30),('2015-05-08',15789.00),('2015-05-07',14796.20),('2015-05-06',15064.70),('2015-05-05',15552.05),('2015-05-04',15337.55),('2015-04-30',15217.85),('2015-04-29',15228.40),('2015-04-28',15165.15),('2015-04-27',14784.95),('2015-04-24',14710.80),('2015-04-23',14774.35),('2015-04-22',14377.30),('2015-04-21',14320.60),('2015-04-20',14762.50),('2015-04-17',15327.25),('2015-04-16',15837.45),('2015-04-15',15861.80),('2015-04-13',16054.10),('2015-04-10',16206.35),('2015-04-09',16338.65),('2015-04-08',16501.00),('2015-04-07',15950.40),('2015-04-06',15763.70),('2015-04-01',16028.40),('2015-03-31',15890.20),('2015-03-30',16019.70),('2015-03-27',15471.95),('2015-03-26',15584.75),('2015-03-25',15551.25),('2015-03-24',15513.65),('2015-03-23',15843.20),('2015-03-20',16002.00),('2015-03-19',16079.95),('2015-03-18',16043.45),('2015-03-17',15935.70),('2015-03-16',15803.25),('2015-03-13',15879.30),('2015-03-12',16316.40),('2015-03-11',16045.85),('2015-03-10',15963.70),('2015-03-09',15692.35),('2015-03-05',15996.00),('2015-03-04',16050.15),('2015-03-03',15891.30),('2015-03-02',16515.85),('2015-02-28',16226.60),('2015-02-27',15808.05),('2015-02-26',15213.80),('2015-02-25',15612.65),('2015-02-24',15813.30),('2015-02-23',16004.90),('2015-02-20',16373.00),('2015-02-19',16678.40),('2015-02-18',16938.00),('2015-02-16',16109.45),('2015-02-13',16242.00),('2015-02-12',16407.15),('2015-02-11',16134.60),('2015-02-10',15188.45),('2015-02-09',15113.90),('2015-02-06',15584.55),('2015-02-05',15813.75),('2015-02-04',15927.65),('2015-02-03',16320.10),('2015-02-02',16589.60),('2015-01-30',16303.50),('2015-01-29',16455.90),('2015-01-28',16340.60),('2015-01-27',16086.30),('2015-01-23',15186.10),('2015-01-22',15286.35),('2015-01-21',15360.75),('2015-01-20',15468.85),('2015-01-19',15466.10),('2015-01-16',15330.50),('2015-01-15',15122.60),('2015-01-14',14831.20),('2015-01-13',14800.70),('2015-01-12',14871.85),('2015-01-09',14727.10),('2015-01-08',14877.80),('2015-01-07',14945.55),('2015-01-06',14753.10),('2015-01-05',15133.55),('2015-01-02',15065.55),('2015-01-01',15239.15);

--
-- FEED HERO TABLE
-- 
INSERT INTO `hero` VALUES ('2018-07-31',3293.80),('2018-07-30',3205.00),('2018-07-27',3193.80),('2018-07-26',3137.70),('2018-07-25',3111.95),('2018-07-24',3101.45),('2018-07-23',3163.90),('2018-07-20',3373.15),('2018-07-19',3458.90),('2018-07-18',3501.50),('2018-07-17',3479.55),('2018-07-16',3423.85),('2018-07-13',3460.60),('2018-07-12',3498.05),('2018-07-11',3540.70),('2018-07-10',3592.15),('2018-07-09',3622.20),('2018-07-06',3636.70),('2018-07-05',3502.70),('2018-07-04',3468.45),('2018-07-03',3453.50),('2018-07-02',3413.60),('2018-06-29',3472.05),('2018-06-28',3513.85),('2018-06-27',3538.05),('2018-06-26',3567.60),('2018-06-25',3585.15),('2018-06-22',3640.10),('2018-06-21',3631.55),('2018-06-20',3658.05),('2018-06-19',3655.65),('2018-06-18',3668.70),('2018-06-15',3689.15),('2018-06-14',3684.10),('2018-06-13',3698.90),('2018-06-12',3688.75),('2018-06-11',3612.55),('2018-06-08',3634.40),('2018-06-07',3657.05),('2018-06-06',3638.90),('2018-06-05',3608.65),('2018-06-04',3612.00),('2018-06-01',3623.75),('2018-05-31',3547.25),('2018-05-30',3606.85),('2018-05-29',3612.35),('2018-05-28',3596.85),('2018-05-25',3550.70),('2018-05-24',3486.25),('2018-05-23',3482.15),('2018-05-22',3509.30),('2018-05-21',3495.00),('2018-05-18',3561.75),('2018-05-17',3554.45),('2018-05-16',3576.40),('2018-05-15',3653.25),('2018-05-14',3649.35),('2018-05-11',3616.15),('2018-05-10',3643.25),('2018-05-09',3657.35),('2018-05-08',3656.65),('2018-05-07',3655.05),('2018-05-04',3659.80),('2018-05-03',3657.10),('2018-05-02',3662.30),('2018-04-30',3733.70),('2018-04-27',3715.00),('2018-04-26',3756.90),('2018-04-25',3717.90),('2018-04-24',3719.60),('2018-04-23',3717.75),('2018-04-20',3744.80),('2018-04-19',3729.25),('2018-04-18',3741.95),('2018-04-17',3770.00),('2018-04-16',3798.05),('2018-04-13',3729.50),('2018-04-12',3745.70),('2018-04-11',3728.80),('2018-04-10',3720.80),('2018-04-09',3788.30),('2018-04-06',3782.40),('2018-04-05',3784.15),('2018-04-04',3669.95),('2018-04-03',3640.30),('2018-04-02',3640.65),('2018-03-28',3545.50),('2018-03-27',3465.85),('2018-03-26',3481.00),('2018-03-23',3414.65),('2018-03-22',3454.85),('2018-03-21',3469.35),('2018-03-20',3513.25),('2018-03-19',3512.40),('2018-03-16',3546.05),('2018-03-15',3643.20),('2018-03-14',3635.45),('2018-03-13',3701.30),('2018-03-12',3685.80),('2018-03-09',3587.00),('2018-03-08',3585.65),('2018-03-07',3562.10),('2018-03-06',3569.90),('2018-03-05',3557.60),('2018-03-01',3579.45),('2018-02-28',3600.55),('2018-02-27',3587.95),('2018-02-26',3540.35),('2018-02-23',3498.65),('2018-02-22',3482.35),('2018-02-21',3490.40),('2018-02-20',3483.90),('2018-02-19',3460.15),('2018-02-16',3493.10),('2018-02-15',3533.15),('2018-02-14',3599.85),('2018-02-12',3619.35),('2018-02-09',3546.05),('2018-02-08',3585.25),('2018-02-07',3564.30),('2018-02-06',3542.65),('2018-02-05',3634.05),('2018-02-02',3623.65),('2018-02-01',3734.40),('2018-01-31',3691.60),('2018-01-30',3688.50),('2018-01-29',3640.00),('2018-01-25',3569.60),('2018-01-24',3640.50),('2018-01-23',3623.10),('2018-01-22',3602.80),('2018-01-19',3590.75),('2018-01-18',3592.20),('2018-01-17',3566.05),('2018-01-16',3594.85),('2018-01-15',3627.75),('2018-01-12',3685.80),('2018-01-11',3706.00),('2018-01-10',3732.20),('2018-01-09',3751.85),('2018-01-08',3790.35),('2018-01-05',3739.30),('2018-01-04',3738.50),('2018-01-03',3751.45),('2018-01-02',3747.45),('2018-01-01',3768.80),('2017-12-29',3786.30),('2017-12-28',3713.50),('2017-12-27',3779.35),('2017-12-26',3804.65),('2017-12-22',3785.95),('2017-12-21',3809.00),('2017-12-20',3740.60),('2017-12-19',3696.80),('2017-12-18',3530.85),('2017-12-15',3502.00),('2017-12-14',3454.45),('2017-12-13',3421.85),('2017-12-12',3444.95),('2017-12-11',3514.55),('2017-12-08',3513.05),('2017-12-07',3555.40),('2017-12-06',3500.35),('2017-12-05',3522.15),('2017-12-04',3605.60),('2017-12-01',3606.95),('2017-11-30',3642.30),('2017-11-29',3656.85),('2017-11-28',3673.85),('2017-11-27',3654.70),('2017-11-24',3654.65),('2017-11-23',3679.10),('2017-11-22',3661.85),('2017-11-21',3680.50),('2017-11-20',3658.50),('2017-11-17',3634.60),('2017-11-16',3661.60),('2017-11-15',3675.50),('2017-11-14',3653.65),('2017-11-13',3583.50),('2017-11-10',3606.40),('2017-11-09',3603.95),('2017-11-08',3632.00),('2017-11-07',3681.70),('2017-11-06',3691.40),('2017-11-03',3690.80),('2017-11-02',3733.05),('2017-11-01',3816.45),('2017-10-31',3854.75),('2017-10-30',3830.80),('2017-10-27',3797.05),('2017-10-26',3762.35),('2017-10-25',3769.30),('2017-10-24',3760.05),('2017-10-23',3790.40),('2017-10-19',3738.15),('2017-10-18',3747.80),('2017-10-17',3789.35),('2017-10-16',3773.75),('2017-10-13',3754.10),('2017-10-12',3742.30),('2017-10-11',3687.60),('2017-10-10',3692.40),('2017-10-09',3687.70),('2017-10-06',3703.70),('2017-10-05',3757.20),('2017-10-04',3794.00),('2017-10-03',3805.55),('2017-09-29',3781.20),('2017-09-28',3744.55),('2017-09-27',3732.40),('2017-09-26',3785.85),('2017-09-25',3755.65),('2017-09-22',3788.15),('2017-09-21',3888.85),('2017-09-20',3858.10),('2017-09-19',3948.60),('2017-09-18',3951.05),('2017-09-15',3891.25),('2017-09-14',3894.70),('2017-09-13',3895.50),('2017-09-12',3917.55),('2017-09-11',3945.85),('2017-09-08',3959.00),('2017-09-07',3982.90),('2017-09-06',3950.55),('2017-09-05',3970.60),('2017-09-04',3973.60),('2017-09-01',4047.30),('2017-08-31',3998.10),('2017-08-30',3987.15),('2017-08-29',3948.80),('2017-08-28',3960.05),('2017-08-24',3874.50),('2017-08-23',3890.15),('2017-08-22',3885.30),('2017-08-21',3967.60),('2017-08-18',3982.75),('2017-08-17',3996.85),('2017-08-16',4018.05),('2017-08-14',3954.15),('2017-08-11',3844.75),('2017-08-10',3886.90),('2017-08-09',3884.25),('2017-08-08',3912.70),('2017-08-07',3953.60),('2017-08-04',3958.65),('2017-08-03',3839.15),('2017-08-02',3800.35),('2017-08-01',3721.55),('2017-07-31',3654.10),('2017-07-28',3631.80),('2017-07-27',3707.45),('2017-07-26',3717.75),('2017-07-25',3706.85),('2017-07-24',3691.15),('2017-07-21',3679.65),('2017-07-20',3729.55),('2017-07-19',3766.20),('2017-07-18',3785.50),('2017-07-17',3763.75),('2017-07-14',3753.20),('2017-07-13',3749.70),('2017-07-12',3731.95),('2017-07-11',3750.10),('2017-07-10',3732.75),('2017-07-07',3682.50),('2017-07-06',3721.40),('2017-07-05',3707.05),('2017-07-04',3699.95),('2017-07-03',3777.00),('2017-06-30',3696.70),('2017-06-29',3719.15),('2017-06-28',3687.85),('2017-06-27',3695.95),('2017-06-23',3660.30),('2017-06-22',3733.15),('2017-06-21',3768.65),('2017-06-20',3801.20),('2017-06-19',3826.05),('2017-06-16',3778.40),('2017-06-15',3779.35),('2017-06-14',3786.65),('2017-06-13',3752.55),('2017-06-12',3774.65),('2017-06-09',3779.35),('2017-06-08',3784.55),('2017-06-07',3844.05),('2017-06-06',3815.80),('2017-06-05',3826.70),('2017-06-02',3841.75),('2017-06-01',3734.55),('2017-05-31',3742.80),('2017-05-30',3739.50),('2017-05-29',3667.50),('2017-05-26',3616.10),('2017-05-25',3615.75),('2017-05-24',3562.80),('2017-05-23',3585.45),('2017-05-22',3564.50),('2017-05-19',3572.95),('2017-05-18',3596.10),('2017-05-17',3642.75),('2017-05-16',3619.00),('2017-05-15',3517.30),('2017-05-12',3536.95),('2017-05-11',3463.80),('2017-05-10',3322.40),('2017-05-09',3289.80),('2017-05-08',3393.85),('2017-05-05',3362.60),('2017-05-04',3394.10),('2017-05-03',3368.15),('2017-05-02',3351.00),('2017-04-28',3310.70),('2017-04-27',3297.15),('2017-04-26',3309.70),('2017-04-25',3305.70),('2017-04-24',3204.55),('2017-04-21',3204.90),('2017-04-20',3201.25),('2017-04-19',3204.60),('2017-04-18',3223.95),('2017-04-17',3229.95),('2017-04-13',3224.90),('2017-04-12',3226.15),('2017-04-11',3201.35),('2017-04-10',3199.45),('2017-04-07',3216.60),('2017-04-06',3205.35),('2017-04-05',3196.35),('2017-04-03',3204.70),('2017-03-31',3223.85),('2017-03-30',3231.50),('2017-03-29',3223.25),('2017-03-28',3328.05),('2017-03-27',3340.25),('2017-03-24',3376.60),('2017-03-23',3366.55),('2017-03-22',3310.55),('2017-03-21',3342.80),('2017-03-20',3337.65),('2017-03-17',3345.25),('2017-03-16',3348.80),('2017-03-15',3399.25),('2017-03-14',3357.50),('2017-03-10',3311.60),('2017-03-09',3273.70),('2017-03-08',3270.90),('2017-03-07',3299.40),('2017-03-06',3320.85),('2017-03-03',3270.55),('2017-03-02',3227.55),('2017-03-01',3184.00),('2017-02-28',3135.00),('2017-02-27',3168.35),('2017-02-23',3177.20),('2017-02-22',3164.80),('2017-02-21',3128.50),('2017-02-20',3103.00),('2017-02-17',3085.65),('2017-02-16',3126.10),('2017-02-15',3098.40),('2017-02-14',3161.15),('2017-02-13',3226.40),('2017-02-10',3266.45),('2017-02-09',3264.30),('2017-02-08',3223.80),('2017-02-07',3258.75),('2017-02-06',3262.80),('2017-02-03',3215.70),('2017-02-02',3226.00),('2017-02-01',3284.10),('2017-01-31',3179.25),('2017-01-30',3196.85),('2017-01-27',3216.30),('2017-01-25',3240.35),('2017-01-24',3133.25),('2017-01-23',3099.55),('2017-01-20',3056.60),('2017-01-19',3107.90),('2017-01-18',3088.85),('2017-01-17',3131.65),('2017-01-16',3091.40),('2017-01-13',3044.65),('2017-01-12',3079.65),('2017-01-11',3087.00),('2017-01-10',3062.95),('2017-01-09',3035.90),('2017-01-06',3068.60),('2017-01-05',3072.30),('2017-01-04',3014.25),('2017-01-03',2987.35),('2017-01-02',3028.70),('2016-12-30',3044.75),('2016-12-29',3032.30),('2016-12-28',3004.80),('2016-12-27',3034.00),('2016-12-26',3004.40),('2016-12-23',3036.00),('2016-12-22',3000.50),('2016-12-21',3026.65),('2016-12-20',3057.15),('2016-12-19',3105.70),('2016-12-16',3128.00),('2016-12-15',3168.10),('2016-12-14',3163.20),('2016-12-13',3201.95),('2016-12-12',3216.55),('2016-12-09',3281.15),('2016-12-08',3308.95),('2016-12-07',3227.20),('2016-12-06',3198.00),('2016-12-05',3224.40),('2016-12-02',3183.70),('2016-12-01',3178.35),('2016-11-30',3169.00),('2016-11-29',3160.05),('2016-11-28',3101.50),('2016-11-25',3039.10),('2016-11-24',3049.60),('2016-11-23',3012.85),('2016-11-22',2997.00),('2016-11-21',2928.10),('2016-11-18',2934.75),('2016-11-17',2878.15),('2016-11-16',2914.50),('2016-11-15',2900.70),('2016-11-11',2981.75),('2016-11-10',3144.55),('2016-11-09',3235.70),('2016-11-08',3369.60),('2016-11-07',3350.15),('2016-11-04',3282.95),('2016-11-03',3379.50),('2016-11-02',3324.25),('2016-11-01',3370.80),('2016-10-30',3354.60),('2016-10-28',3347.65),('2016-10-27',3314.75),('2016-10-26',3421.55),('2016-10-25',3357.25),('2016-10-24',3334.30),('2016-10-21',3360.55),('2016-10-20',3362.75),('2016-10-19',3367.00),('2016-10-18',3410.50),('2016-10-17',3404.15),('2016-10-14',3482.20),('2016-10-13',3493.50),('2016-10-10',3489.70),('2016-10-07',3471.70),('2016-10-06',3473.60),('2016-10-05',3490.40),('2016-10-04',3531.55),('2016-10-03',3523.00),('2016-09-30',3414.35),('2016-09-29',3428.50),('2016-09-28',3450.45),('2016-09-27',3450.55),('2016-09-26',3463.70),('2016-09-23',3531.75),('2016-09-22',3538.60),('2016-09-21',3460.00),('2016-09-20',3468.10),('2016-09-19',3554.30),('2016-09-16',3585.15),('2016-09-15',3522.60),('2016-09-14',3589.50),('2016-09-12',3529.05),('2016-09-09',3623.80),('2016-09-08',3697.65),('2016-09-07',3609.85),('2016-09-06',3614.05),('2016-09-02',3578.55),('2016-09-01',3546.90),('2016-08-31',3547.50),('2016-08-30',3473.35),('2016-08-29',3405.75),('2016-08-26',3316.80),('2016-08-25',3303.75),('2016-08-24',3309.50),('2016-08-23',3306.45),('2016-08-22',3337.95),('2016-08-19',3359.25),('2016-08-18',3369.40),('2016-08-17',3360.15),('2016-08-16',3294.70),('2016-08-12',3313.30),('2016-08-11',3303.80),('2016-08-10',3320.50),('2016-08-09',3407.30),('2016-08-08',3456.80),('2016-08-05',3434.30),('2016-08-04',3270.10),('2016-08-03',3237.10),('2016-08-02',3260.00),('2016-08-01',3219.35),('2016-07-29',3206.45),('2016-07-28',3192.30),('2016-07-27',3203.50),('2016-07-26',3210.30),('2016-07-25',3279.70),('2016-07-22',3260.35),('2016-07-21',3265.65),('2016-07-20',3276.60),('2016-07-19',3229.40),('2016-07-18',3254.50),('2016-07-15',3237.70),('2016-07-14',3251.30),('2016-07-13',3235.55),('2016-07-12',3243.75),('2016-07-11',3236.55),('2016-07-08',3160.20),('2016-07-07',3101.30),('2016-07-05',3111.50),('2016-07-04',3161.75),('2016-07-01',3176.65),('2016-06-30',3180.85),('2016-06-29',3145.00),('2016-06-28',3025.50),('2016-06-27',3054.60),('2016-06-24',3055.95),('2016-06-23',3062.70),('2016-06-22',3068.60),('2016-06-21',3048.75),('2016-06-20',3048.65),('2016-06-17',3028.20),('2016-06-16',3023.40),('2016-06-15',3066.70),('2016-06-14',3011.55),('2016-06-13',3039.20),('2016-06-10',3067.45),('2016-06-09',3083.25),('2016-06-08',3170.40),('2016-06-07',3127.90),('2016-06-06',3102.00),('2016-06-03',3146.80),('2016-06-02',3137.30),('2016-06-01',3087.30),('2016-05-31',3099.15),('2016-05-30',3093.90),('2016-05-27',3003.25),('2016-05-26',2971.10),('2016-05-25',2929.25),('2016-05-24',2893.30),('2016-05-23',2883.95),('2016-05-20',2896.75),('2016-05-19',2890.30),('2016-05-18',2884.85),('2016-05-17',2927.95),('2016-05-16',2902.95),('2016-05-13',2915.85),('2016-05-12',2950.15),('2016-05-11',2960.65),('2016-05-10',2961.90),('2016-05-09',2948.10),('2016-05-06',2885.05),('2016-05-05',2893.95),('2016-05-04',2897.70),('2016-05-03',2884.40),('2016-05-02',2907.70),('2016-04-29',2901.30),('2016-04-28',2901.30),('2016-04-27',2949.05),('2016-04-26',2932.10),('2016-04-25',2967.40),('2016-04-22',3001.00),('2016-04-21',2988.50),('2016-04-20',3040.70),('2016-04-18',3065.35),('2016-04-13',3151.65),('2016-04-12',3049.95),('2016-04-11',2976.55),('2016-04-08',2920.30),('2016-04-07',2968.30),('2016-04-06',2983.55),('2016-04-05',2956.25),('2016-04-04',2979.40),('2016-04-01',2951.05),('2016-03-31',2943.40),('2016-03-30',2922.45),('2016-03-29',2851.35),('2016-03-28',2848.20),('2016-03-23',2870.35),('2016-03-22',2866.75),('2016-03-21',2802.75),('2016-03-18',2832.90),('2016-03-17',2819.50),('2016-03-16',2797.95),('2016-03-15',2812.95),('2016-03-14',2817.15),('2016-03-11',2810.50),('2016-03-10',2812.10),('2016-03-09',2816.95),('2016-03-08',2809.90),('2016-03-04',2835.80),('2016-03-03',2824.75),('2016-03-02',2807.75),('2016-03-01',2667.00),('2016-02-29',2499.65),('2016-02-26',2557.15),('2016-02-25',2623.30),('2016-02-24',2623.45),('2016-02-23',2660.30),('2016-02-22',2705.95),('2016-02-19',2704.85),('2016-02-18',2620.95),('2016-02-17',2523.90),('2016-02-16',2508.45),('2016-02-15',2515.70),('2016-02-12',2486.50),('2016-02-11',2498.45),('2016-02-10',2547.45),('2016-02-09',2579.65),('2016-02-08',2568.10),('2016-02-05',2578.05),('2016-02-04',2510.50),('2016-02-03',2484.70),('2016-02-02',2521.80),('2016-02-01',2535.00),('2016-01-29',2562.80),('2016-01-28',2448.55),('2016-01-27',2482.05),('2016-01-25',2520.80),('2016-01-22',2586.05),('2016-01-21',2473.50),('2016-01-20',2488.05),('2016-01-19',2482.95),('2016-01-18',2431.20),('2016-01-15',2425.35),('2016-01-14',2433.10),('2016-01-13',2470.75),('2016-01-12',2469.55),('2016-01-11',2503.20),('2016-01-08',2489.00),('2016-01-07',2513.15),('2016-01-06',2581.75),('2016-01-05',2621.05),('2016-01-04',2645.50),('2016-01-01',2687.85),('2015-12-31',2695.25),('2015-12-30',2711.65),('2015-12-29',2734.25),('2015-12-28',2702.25),('2015-12-24',2689.70),('2015-12-23',2675.20),('2015-12-22',2669.00),('2015-12-21',2695.80),('2015-12-18',2641.60),('2015-12-17',2649.75),('2015-12-16',2593.45),('2015-12-15',2563.85),('2015-12-14',2537.45),('2015-12-11',2523.30),('2015-12-10',2545.60),('2015-12-09',2546.80),('2015-12-08',2602.85),('2015-12-07',2621.35),('2015-12-04',2617.15),('2015-12-03',2618.35),('2015-12-02',2675.85),('2015-12-01',2677.75),('2015-11-30',2702.65),('2015-11-27',2704.15),('2015-11-26',2680.80),('2015-11-24',2645.80),('2015-11-23',2637.25),('2015-11-20',2563.65),('2015-11-19',2591.35),('2015-11-18',2571.85),('2015-11-17',2597.80),('2015-11-16',2611.45),('2015-11-13',2610.95),('2015-11-11',2644.40),('2015-11-10',2657.40),('2015-11-09',2618.50),('2015-11-06',2632.90),('2015-11-05',2638.60),('2015-11-04',2614.40),('2015-11-03',2583.75),('2015-11-02',2549.10),('2015-10-30',2585.00),('2015-10-29',2625.75),('2015-10-28',2623.55),('2015-10-27',2620.40),('2015-10-26',2619.30),('2015-10-23',2594.95),('2015-10-21',2619.05),('2015-10-20',2605.05),('2015-10-19',2613.55),('2015-10-16',2586.85),('2015-10-15',2567.45),('2015-10-14',2505.75),('2015-10-13',2538.85),('2015-10-12',2547.65),('2015-10-09',2565.25),('2015-10-08',2539.60),('2015-10-07',2539.20),('2015-10-06',2532.55),('2015-10-05',2501.65),('2015-10-01',2413.35),('2015-09-30',2395.65),('2015-09-29',2331.70),('2015-09-28',2350.75),('2015-09-24',2380.65),('2015-09-23',2401.30),('2015-09-22',2386.10),('2015-09-21',2424.80),('2015-09-18',2428.55),('2015-09-16',2363.00),('2015-09-15',2310.60),('2015-09-14',2348.60),('2015-09-11',2342.05),('2015-09-10',2343.95),('2015-09-09',2347.75),('2015-09-08',2317.30),('2015-09-07',2279.80),('2015-09-04',2292.55),('2015-09-03',2329.95),('2015-09-02',2343.25),('2015-09-01',2385.30),('2015-08-31',2397.35),('2015-08-28',2400.95),('2015-08-27',2380.70),('2015-08-26',2391.95),('2015-08-25',2477.50),('2015-08-24',2478.95),('2015-08-21',2559.90),('2015-08-20',2633.90),('2015-08-19',2690.00),('2015-08-18',2641.85),('2015-08-17',2653.50),('2015-08-14',2714.00),('2015-08-13',2643.85),('2015-08-12',2635.35),('2015-08-11',2678.70),('2015-08-10',2704.85),('2015-08-07',2660.50),('2015-08-06',2652.65),('2015-08-05',2660.40),('2015-08-04',2624.25),('2015-08-03',2697.85),('2015-07-31',2674.45),('2015-07-30',2587.60),('2015-07-29',2566.25),('2015-07-28',2531.55),('2015-07-27',2605.65),('2015-07-24',2738.20),('2015-07-23',2714.30),('2015-07-22',2707.70),('2015-07-21',2685.85),('2015-07-20',2660.75),('2015-07-17',2649.80),('2015-07-16',2650.00),('2015-07-15',2660.10),('2015-07-14',2640.20),('2015-07-13',2600.65),('2015-07-10',2572.50),('2015-07-09',2605.40),('2015-07-08',2552.95),('2015-07-07',2562.50),('2015-07-06',2612.40),('2015-07-03',2577.80),('2015-07-02',2532.85),('2015-07-01',2518.80),('2015-06-30',2524.30),('2015-06-29',2538.45),('2015-06-26',2547.00),('2015-06-25',2552.05),('2015-06-24',2521.15),('2015-06-23',2523.20),('2015-06-22',2580.60),('2015-06-19',2551.70),('2015-06-18',2523.90),('2015-06-17',2525.60),('2015-06-16',2543.90),('2015-06-15',2509.25),('2015-06-12',2506.80),('2015-06-11',2503.65),('2015-06-10',2516.25),('2015-06-09',2501.65),('2015-06-08',2519.20),('2015-06-05',2576.85),('2015-06-04',2548.40),('2015-06-03',2578.05),('2015-06-02',2607.85),('2015-06-01',2709.70),('2015-05-29',2696.00),('2015-05-28',2641.95),('2015-05-27',2605.05),('2015-05-26',2616.05),('2015-05-25',2586.85),('2015-05-22',2600.90),('2015-05-21',2602.50),('2015-05-20',2579.25),('2015-05-19',2575.10),('2015-05-18',2520.60),('2015-05-15',2528.40),('2015-05-14',2529.95),('2015-05-13',2502.10),('2015-05-12',2459.90),('2015-05-11',2384.20),('2015-05-08',2301.55),('2015-05-07',2354.10),('2015-05-06',2325.95),('2015-05-05',2357.70),('2015-05-04',2386.00),('2015-04-30',2329.45),('2015-04-29',2372.85),('2015-04-28',2356.35),('2015-04-27',2324.05),('2015-04-24',2352.55),('2015-04-23',2372.55),('2015-04-22',2408.60),('2015-04-21',2329.45),('2015-04-20',2314.70),('2015-04-17',2410.15),('2015-04-16',2428.85),('2015-04-15',2523.85),('2015-04-13',2580.65),('2015-04-10',2584.25),('2015-04-09',2610.00),('2015-04-08',2605.10),('2015-04-07',2640.00),('2015-04-06',2671.80),('2015-04-01',2655.60),('2015-03-31',2642.60),('2015-03-30',2636.55),('2015-03-27',2576.75),('2015-03-26',2608.05),('2015-03-25',2595.60),('2015-03-24',2607.80),('2015-03-23',2638.00),('2015-03-20',2614.80),('2015-03-19',2665.05),('2015-03-18',2674.05),('2015-03-17',2652.45),('2015-03-16',2629.65),('2015-03-13',2609.50),('2015-03-12',2642.65),('2015-03-11',2617.00),('2015-03-10',2620.55),('2015-03-09',2599.65),('2015-03-05',2608.10),('2015-03-04',2621.40),('2015-03-03',2636.95),('2015-03-02',2624.75),('2015-02-28',2682.65),('2015-02-27',2670.35),('2015-02-26',2625.65),('2015-02-25',2625.55),('2015-02-24',2651.20),('2015-02-23',2646.80),('2015-02-20',2659.85),('2015-02-19',2667.20),('2015-02-18',2663.45),('2015-02-16',2806.25),('2015-02-13',2852.50),('2015-02-12',2805.35),('2015-02-11',2752.45),('2015-02-10',2720.65),('2015-02-09',2728.50),('2015-02-06',2779.50),('2015-02-05',2847.05),('2015-02-04',2829.90),('2015-02-03',2812.35),('2015-02-02',2834.40),('2015-01-30',2869.55),('2015-01-29',2875.40),('2015-01-28',2865.45),('2015-01-27',2856.70),('2015-01-23',2859.65),('2015-01-22',2838.15),('2015-01-21',2876.50),('2015-01-20',2827.70),('2015-01-19',2841.75),('2015-01-16',2896.85),('2015-01-15',2950.25),('2015-01-14',2905.20),('2015-01-13',2893.70),('2015-01-12',2936.20),('2015-01-09',2993.15),('2015-01-08',2984.45),('2015-01-07',2977.10),('2015-01-06',3011.80),('2015-01-05',3118.65),('2015-01-02',3097.75),('2015-01-01',3107.30);


--
-- Table structure infosys
--
INSERT INTO `infosys` VALUES ('2018-07-31',1365.00),('2018-07-30',1353.15),('2018-07-27',1374.55),('2018-07-26',1375.20),('2018-07-25',1383.70),('2018-07-24',1376.00),('2018-07-23',1355.75),('2018-07-20',1348.35),('2018-07-19',1316.55),('2018-07-18',1322.40),('2018-07-17',1327.40),('2018-07-16',1333.05),('2018-07-13',1309.10),('2018-07-12',1294.60),('2018-07-11',1320.35),('2018-07-10',1302.50),('2018-07-09',1299.15),('2018-07-06',1284.50),('2018-07-05',1284.50),('2018-07-04',1344.60),('2018-07-03',1353.65),('2018-07-02',1334.45),('2018-06-29',1306.75),('2018-06-28',1288.85),('2018-06-27',1269.20),('2018-06-26',1277.85),('2018-06-25',1272.30),('2018-06-22',1246.45),('2018-06-21',1246.35),('2018-06-20',1243.35),('2018-06-19',1244.05),('2018-06-18',1266.50),('2018-06-15',1280.45),('2018-06-14',1238.70),('2018-06-13',1276.10),('2018-06-12',1258.40),('2018-06-11',1263.05),('2018-06-08',1259.75),('2018-06-07',1250.80),('2018-06-06',1235.60),('2018-06-05',1221.20),('2018-06-04',1239.60),('2018-06-01',1220.25),('2018-05-31',1231.90),('2018-05-30',1214.10),('2018-05-29',1216.65),('2018-05-28',1214.50),('2018-05-25',1228.80),('2018-05-24',1221.85),('2018-05-23',1185.25),('2018-05-22',1193.55),('2018-05-21',1182.60),('2018-05-18',1183.75),('2018-05-17',1184.95),('2018-05-16',1190.05),('2018-05-15',1192.55),('2018-05-14',1189.60),('2018-05-11',1181.00),('2018-05-10',1167.55),('2018-05-09',1171.25),('2018-05-08',1165.35),('2018-05-07',1183.35),('2018-05-04',1172.90),('2018-05-03',1181.85),('2018-05-02',1197.80),('2018-04-30',1199.40),('2018-04-27',1185.15),('2018-04-26',1175.65),('2018-04-25',1160.90),('2018-04-24',1153.90),('2018-04-23',1183.35),('2018-04-20',1178.25),('2018-04-19',1132.70),('2018-04-18',1125.45),('2018-04-17',1125.00),('2018-04-16',1132.80),('2018-04-13',1169.00),('2018-04-12',1162.25),('2018-04-11',1123.90),('2018-04-10',1114.15),('2018-04-09',1110.95),('2018-04-06',1129.30),('2018-04-05',1145.00),('2018-04-04',1124.55),('2018-04-03',1140.05),('2018-04-02',1137.50),('2018-03-28',1134.40),('2018-03-27',1152.80),('2018-03-26',1154.30),('2018-03-23',1167.45),('2018-03-22',1158.80),('2018-03-21',1168.60),('2018-03-20',1162.10),('2018-03-19',1147.15),('2018-03-16',1172.50),('2018-03-15',1182.15),('2018-03-14',1180.20),('2018-03-13',1180.55),('2018-03-12',1185.85),('2018-03-09',1163.40),('2018-03-08',1156.70),('2018-03-07',1142.80),('2018-03-06',1146.85),('2018-03-05',1153.10),('2018-03-01',1160.25),('2018-02-28',1174.25),('2018-02-27',1148.30),('2018-02-26',1141.05),('2018-02-23',1155.65),('2018-02-22',1160.50),('2018-02-21',1148.70),('2018-02-20',1134.70),('2018-02-19',1130.00),('2018-02-16',1124.85),('2018-02-15',1114.15),('2018-02-14',1098.05),('2018-02-12',1103.80),('2018-02-09',1111.80),('2018-02-08',1134.55),('2018-02-07',1108.75),('2018-02-06',1108.45),('2018-02-05',1138.30),('2018-02-02',1141.70),('2018-02-01',1144.50),('2018-01-31',1150.65),('2018-01-30',1169.70),('2018-01-29',1181.50),('2018-01-25',1170.80),('2018-01-24',1185.15),('2018-01-23',1175.20),('2018-01-22',1150.30),('2018-01-19',1143.25),('2018-01-18',1152.75),('2018-01-17',1152.25),('2018-01-16',1122.90),('2018-01-15',1080.40),('2018-01-12',1078.40),('2018-01-11',1075.60),('2018-01-10',1051.60),('2018-01-09',1041.30),('2018-01-08',1035.65),('2018-01-05',1012.10),('2018-01-04',1015.30),('2018-01-03',1019.10),('2018-01-02',1029.50),('2018-01-01',1034.55),('2017-12-29',1039.30),('2017-12-28',1034.00),('2017-12-27',1034.05),('2017-12-26',1034.35),('2017-12-22',1038.40),('2017-12-21',1021.55),('2017-12-20',1013.30),('2017-12-19',1004.80),('2017-12-18',1015.35),('2017-12-15',1023.45),('2017-12-14',1012.45),('2017-12-13',1003.45),('2017-12-12',1011.10),('2017-12-11',1003.50),('2017-12-08',1001.55),('2017-12-07',1000.10),('2017-12-06',990.40),('2017-12-05',984.40),('2017-12-04',985.30),('2017-12-01',958.50),('2017-11-30',974.95),('2017-11-29',983.30),('2017-11-28',984.50),('2017-11-27',997.50),('2017-11-24',1009.95),('2017-11-23',991.40),('2017-11-22',966.30),('2017-11-21',966.40),('2017-11-20',961.35),('2017-11-17',970.95),('2017-11-16',988.60),('2017-11-15',951.95),('2017-11-14',949.45),('2017-11-13',951.80),('2017-11-10',960.60),('2017-11-09',954.60),('2017-11-08',951.95),('2017-11-07',955.70),('2017-11-06',928.60),('2017-11-03',926.65),('2017-11-02',922.90),('2017-11-01',926.25),('2017-10-31',921.65),('2017-10-30',944.65),('2017-10-27',947.45),('2017-10-26',947.50),('2017-10-25',935.40),('2017-10-24',926.75),('2017-10-23',939.65),('2017-10-19',927.10),('2017-10-18',924.45),('2017-10-17',931.45),('2017-10-16',939.30),('2017-10-13',931.90),('2017-10-12',927.15),('2017-10-11',930.60),('2017-10-10',935.60),('2017-10-09',923.65),('2017-10-06',919.45),('2017-10-05',903.10),('2017-10-04',899.80),('2017-10-03',903.95),('2017-09-29',898.75),('2017-09-28',895.70),('2017-09-27',898.65),('2017-09-26',906.45),('2017-09-25',896.65),('2017-09-22',898.05),('2017-09-21',909.55),('2017-09-20',912.00),('2017-09-19',911.30),('2017-09-18',908.45),('2017-09-15',908.60),('2017-09-14',892.30),('2017-09-13',883.55),('2017-09-12',883.85),('2017-09-11',878.55),('2017-09-08',884.40),('2017-09-07',895.55),('2017-09-06',895.70),('2017-09-05',901.10),('2017-09-04',901.30),('2017-09-01',920.10),('2017-08-31',915.30),('2017-08-30',926.65),('2017-08-29',927.55),('2017-08-28',941.15),('2017-08-24',912.50),('2017-08-23',894.50),('2017-08-22',877.15),('2017-08-21',873.50),('2017-08-18',923.10),('2017-08-17',1021.15),('2017-08-16',976.80),('2017-08-14',979.45),('2017-08-11',987.75),('2017-08-10',982.50),('2017-08-09',969.45),('2017-08-08',964.60),('2017-08-07',968.15),('2017-08-04',985.35),('2017-08-03',983.60),('2017-08-02',992.45),('2017-08-01',1005.00),('2017-07-31',1011.30),('2017-07-28',997.85),('2017-07-27',972.30),('2017-07-26',993.75),('2017-07-25',994.15),('2017-07-24',991.20),('2017-07-21',979.90),('2017-07-20',969.00),('2017-07-19',979.90),('2017-07-18',985.40),('2017-07-17',985.35),('2017-07-14',972.05),('2017-07-13',976.30),('2017-07-12',973.80),('2017-07-11',975.80),('2017-07-10',959.05),('2017-07-07',936.00),('2017-07-06',947.50),('2017-07-05',951.05),('2017-07-04',960.50),('2017-07-03',951.40),('2017-06-30',935.65),('2017-06-29',929.50),('2017-06-28',924.40),('2017-06-27',926.35),('2017-06-23',943.35),('2017-06-22',940.30),('2017-06-21',943.95),('2017-06-20',943.80),('2017-06-19',929.45),('2017-06-16',940.50),('2017-06-15',952.30),('2017-06-14',958.65),('2017-06-13',958.20),('2017-06-12',963.80),('2017-06-09',948.65),('2017-06-08',956.30),('2017-06-07',961.50),('2017-06-06',979.45),('2017-06-05',960.20),('2017-06-02',969.45),('2017-06-01',970.95),('2017-05-31',976.95),('2017-05-30',996.45),('2017-05-29',985.30),('2017-05-26',996.20),('2017-05-25',981.90),('2017-05-24',953.55),('2017-05-23',957.40),('2017-05-22',959.75),('2017-05-19',957.90),('2017-05-18',961.70),('2017-05-17',952.20),('2017-05-16',956.50),('2017-05-15',951.95),('2017-05-12',963.90),('2017-05-11',943.85),('2017-05-10',943.20),('2017-05-09',946.70),('2017-05-08',945.45),('2017-05-05',931.50),('2017-05-04',936.30),('2017-05-03',935.65),('2017-05-02',921.00),('2017-04-28',919.40),('2017-04-27',923.95),('2017-04-26',914.05),('2017-04-25',929.00),('2017-04-24',926.05),('2017-04-21',923.70),('2017-04-20',927.65),('2017-04-19',918.80),('2017-04-18',922.40),('2017-04-17',924.80),('2017-04-13',931.40),('2017-04-12',968.80),('2017-04-11',967.15),('2017-04-10',952.95),('2017-04-07',981.25),('2017-04-06',999.15),('2017-04-05',995.40),('2017-04-03',1009.45),('2017-03-31',1020.80),('2017-03-30',1024.50),('2017-03-29',1031.35),('2017-03-28',1035.10),('2017-03-27',1028.80),('2017-03-24',1031.80),('2017-03-23',1040.60),('2017-03-22',1027.80),('2017-03-21',1032.00),('2017-03-20',1020.60),('2017-03-17',1040.00),('2017-03-16',1028.50),('2017-03-15',1012.10),('2017-03-14',1035.00),('2017-03-10',1020.10),('2017-03-09',1011.60),('2017-03-08',1007.25),('2017-03-07',1019.70),('2017-03-06',1033.85),('2017-03-03',1031.15),('2017-03-02',1020.65),('2017-03-01',1025.00),('2017-02-28',1012.30),('2017-02-27',1012.75),('2017-02-23',1009.05),('2017-02-22',991.85),('2017-02-21',1012.95),('2017-02-20',1011.70),('2017-02-17',999.70),('2017-02-16',1011.90),('2017-02-15',982.35),('2017-02-14',987.30),('2017-02-13',983.50),('2017-02-10',968.05),('2017-02-09',948.10),('2017-02-08',936.45),('2017-02-07',944.75),('2017-02-06',934.45),('2017-02-03',934.95),('2017-02-02',935.35),('2017-02-01',916.55),('2017-01-31',929.30),('2017-01-30',948.35),('2017-01-27',942.15),('2017-01-25',936.65),('2017-01-24',945.10),('2017-01-23',951.75),('2017-01-20',948.80),('2017-01-19',958.55),('2017-01-18',950.90),('2017-01-17',956.05),('2017-01-16',955.70),('2017-01-13',975.15),('2017-01-12',1000.05),('2017-01-11',969.00),('2017-01-10',970.60),('2017-01-09',970.55),('2017-01-06',971.45),('2017-01-05',996.40),('2017-01-04',998.30),('2017-01-03',994.65),('2017-01-02',1001.60),('2016-12-30',1010.70),('2016-12-29',994.10),('2016-12-28',999.15),('2016-12-27',999.25),('2016-12-26',983.00),('2016-12-23',989.30),('2016-12-22',985.20),('2016-12-21',1003.70),('2016-12-20',1010.40),('2016-12-19',1002.20),('2016-12-16',1004.20),('2016-12-15',993.25),('2016-12-14',999.05),('2016-12-13',990.05),('2016-12-12',977.50),('2016-12-09',987.35),('2016-12-08',984.75),('2016-12-07',966.60),('2016-12-06',966.95),('2016-12-05',961.40),('2016-12-02',964.10),('2016-12-01',976.05),('2016-11-30',975.45),('2016-11-29',972.65),('2016-11-28',979.65),('2016-11-25',977.30),('2016-11-24',932.70),('2016-11-23',920.50),('2016-11-22',913.95),('2016-11-21',911.15),('2016-11-18',919.80),('2016-11-17',929.55),('2016-11-16',940.10),('2016-11-15',924.75),('2016-11-11',921.85),('2016-11-10',938.60),('2016-11-09',955.85),('2016-11-08',982.80),('2016-11-07',978.75),('2016-11-04',970.80),('2016-11-03',966.90),('2016-11-02',981.10),('2016-11-01',988.85),('2016-10-30',1002.50),('2016-10-28',997.45),('2016-10-27',1006.15),('2016-10-26',1014.85),('2016-10-25',1017.35),('2016-10-24',1029.00),('2016-10-21',1038.10),('2016-10-20',1036.95),('2016-10-19',1041.60),('2016-10-18',1038.20),('2016-10-17',1022.05),('2016-10-14',1027.40),('2016-10-13',1052.05),('2016-10-10',1029.55),('2016-10-07',1012.65),('2016-10-06',1026.65),('2016-10-05',1041.15),('2016-10-04',1048.80),('2016-10-03',1037.85),('2016-09-30',1038.10),('2016-09-29',1029.90),('2016-09-28',1038.60),('2016-09-27',1040.45),('2016-09-26',1035.70),('2016-09-23',1043.00),('2016-09-22',1058.50),('2016-09-21',1056.70),('2016-09-20',1050.35),('2016-09-19',1061.15),('2016-09-16',1060.35),('2016-09-15',1041.35),('2016-09-14',1047.10),('2016-09-12',1054.00),('2016-09-09',1036.00),('2016-09-08',1037.90),('2016-09-07',1055.00),('2016-09-06',1045.10),('2016-09-02',1031.05),('2016-09-01',1037.65),('2016-08-31',1036.80),('2016-08-30',1041.00),('2016-08-29',1022.25),('2016-08-26',1020.75),('2016-08-25',1036.55),('2016-08-24',1057.55),('2016-08-23',1039.25),('2016-08-22',1015.40),('2016-08-19',1021.10),('2016-08-18',1024.30),('2016-08-17',1033.40),('2016-08-16',1050.95),('2016-08-12',1063.30),('2016-08-11',1077.10),('2016-08-10',1079.95),('2016-08-09',1081.50),('2016-08-08',1078.80),('2016-08-05',1067.40),('2016-08-04',1072.15),('2016-08-03',1085.00),('2016-08-02',1084.30),('2016-08-01',1085.00),('2016-07-29',1073.95),('2016-07-28',1079.20),('2016-07-27',1087.55),('2016-07-26',1088.80),('2016-07-25',1080.50),('2016-07-22',1072.65),('2016-07-21',1080.35),('2016-07-20',1083.05),('2016-07-19',1086.30),('2016-07-18',1081.70),('2016-07-15',1072.25),('2016-07-14',1175.85),('2016-07-13',1193.15),('2016-07-12',1176.00),('2016-07-11',1174.85),('2016-07-08',1158.75),('2016-07-07',1157.20),('2016-07-05',1175.45),('2016-07-04',1184.25),('2016-07-01',1172.10),('2016-06-30',1170.75),('2016-06-29',1176.55),('2016-06-28',1161.05),('2016-06-27',1166.25),('2016-06-24',1194.50),('2016-06-23',1211.55),('2016-06-22',1198.55),('2016-06-21',1205.90),('2016-06-20',1208.60),('2016-06-17',1178.30),('2016-06-16',1186.20),('2016-06-15',1189.20),('2016-06-14',1175.20),('2016-06-13',1182.55),('2016-06-10',1180.80),('2016-06-09',1185.45),('2016-06-08',1238.30),('2016-06-07',1257.20),('2016-06-06',1267.10),('2016-06-03',1266.45),('2016-06-02',1260.25),('2016-06-01',1256.45),('2016-05-31',1249.85),('2016-05-30',1263.45),('2016-05-27',1246.40),('2016-05-26',1231.65),('2016-05-25',1208.85),('2016-05-24',1188.20),('2016-05-23',1190.75),('2016-05-20',1201.75),('2016-05-19',1205.35),('2016-05-18',1209.75),('2016-05-17',1214.05),('2016-05-16',1213.95),('2016-05-13',1206.70),('2016-05-12',1210.20),('2016-05-11',1201.05),('2016-05-10',1212.55),('2016-05-09',1199.15),('2016-05-06',1181.45),('2016-05-05',1192.45),('2016-05-04',1189.55),('2016-05-03',1180.75),('2016-05-02',1200.65),('2016-04-29',1210.85),('2016-04-28',1211.45),('2016-04-27',1240.00),('2016-04-26',1232.95),('2016-04-25',1217.05),('2016-04-22',1213.85),('2016-04-21',1226.40),('2016-04-20',1243.25),('2016-04-18',1238.80),('2016-04-13',1172.05),('2016-04-12',1182.30),('2016-04-11',1184.40),('2016-04-08',1167.35),('2016-04-07',1181.65),('2016-04-06',1201.10),('2016-04-05',1218.60),('2016-04-04',1243.55),('2016-04-01',1205.90),('2016-03-31',1217.95),('2016-03-30',1205.80),('2016-03-29',1198.95),('2016-03-28',1204.70),('2016-03-23',1207.75),('2016-03-22',1189.90),('2016-03-21',1195.00),('2016-03-18',1190.20),('2016-03-17',1160.20),('2016-03-16',1152.00),('2016-03-15',1134.35),('2016-03-14',1140.95),('2016-03-11',1142.50),('2016-03-10',1145.95),('2016-03-09',1178.50),('2016-03-08',1163.55),('2016-03-04',1170.55),('2016-03-03',1169.15),('2016-03-02',1156.25),('2016-03-01',1124.50),('2016-02-29',1083.75),('2016-02-26',1121.05),('2016-02-25',1111.25),('2016-02-24',1125.40),('2016-02-23',1123.95),('2016-02-22',1125.30),('2016-02-19',1125.55),('2016-02-18',1122.70),('2016-02-17',1095.45),('2016-02-16',1081.00),('2016-02-15',1091.35),('2016-02-12',1083.50),('2016-02-11',1081.15),('2016-02-10',1110.15),('2016-02-09',1109.30),('2016-02-08',1149.10),('2016-02-05',1174.95),('2016-02-04',1179.90),('2016-02-03',1158.15),('2016-02-02',1174.80),('2016-02-01',1171.30),('2016-01-29',1164.85),('2016-01-28',1131.35),('2016-01-27',1138.35),('2016-01-25',1137.65),('2016-01-22',1135.90),('2016-01-21',1136.50),('2016-01-20',1121.65),('2016-01-19',1139.10),('2016-01-18',1131.95),('2016-01-15',1140.20),('2016-01-14',1128.70),('2016-01-13',1082.35),('2016-01-12',1050.05),('2016-01-11',1057.10),('2016-01-08',1062.65),('2016-01-07',1051.25),('2016-01-06',1069.45),('2016-01-05',1074.80),('2016-01-04',1080.60),('2016-01-01',1103.15),('2015-12-31',1104.55),('2015-12-30',1086.05),('2015-12-29',1103.75),('2015-12-28',1101.65),('2015-12-24',1095.85),('2015-12-23',1098.00),('2015-12-22',1083.60),('2015-12-21',1102.00),('2015-12-18',1085.95),('2015-12-17',1106.95),('2015-12-16',1095.40),('2015-12-15',1076.90),('2015-12-14',1069.50),('2015-12-11',1052.35),('2015-12-10',1046.40),('2015-12-09',1029.35),('2015-12-08',1044.95),('2015-12-07',1045.85),('2015-12-04',1047.80),('2015-12-03',1056.00),('2015-12-02',1060.20),('2015-12-01',1076.65),('2015-11-30',1088.45),('2015-11-27',1066.30),('2015-11-26',1053.20),('2015-11-24',1041.00),('2015-11-23',1053.50),('2015-11-20',1052.90),('2015-11-19',1047.30),('2015-11-18',1019.85),('2015-11-17',1061.10),('2015-11-16',1080.20),('2015-11-13',1100.45),('2015-11-11',1109.15),('2015-11-10',1106.40),('2015-11-09',1133.95),('2015-11-06',1138.05),('2015-11-05',1122.45),('2015-11-04',1137.05),('2015-11-03',1143.00),('2015-11-02',1131.55),('2015-10-30',1136.05),('2015-10-29',1142.70),('2015-10-28',1151.35),('2015-10-27',1148.45),('2015-10-26',1151.40),('2015-10-23',1148.55),('2015-10-21',1137.60),('2015-10-20',1125.35),('2015-10-19',1112.20),('2015-10-16',1093.75),('2015-10-15',1097.00),('2015-10-14',1097.45),('2015-10-13',1098.65),('2015-10-12',1122.50),('2015-10-09',1167.85),('2015-10-08',1132.45),('2015-10-07',1133.15),('2015-10-06',1154.85),('2015-10-05',1180.50),('2015-10-01',1173.25),('2015-09-30',1160.45),('2015-09-29',1121.10),('2015-09-28',1108.20),('2015-09-24',1141.40),('2015-09-23',1116.65),('2015-09-22',1105.50),('2015-09-21',1104.65),('2015-09-18',1104.75),('2015-09-16',1101.50),('2015-09-15',1098.40),('2015-09-14',1097.75),('2015-09-11',1090.70),('2015-09-10',1080.35),('2015-09-09',1088.50),('2015-09-08',1059.30),('2015-09-07',1059.60),('2015-09-04',1073.80),('2015-09-03',1100.65),('2015-09-02',1100.30),('2015-09-01',1089.65),('2015-08-31',1095.20),('2015-08-28',1110.70),('2015-08-27',1084.10),('2015-08-26',1065.35),('2015-08-25',1086.50),('2015-08-24',1092.65),('2015-08-21',1150.60),('2015-08-20',1138.20),('2015-08-19',1175.05),('2015-08-18',1163.80),('2015-08-17',1141.85),('2015-08-14',1149.00),('2015-08-13',1156.85),('2015-08-12',1141.75),('2015-08-11',1104.35),('2015-08-10',1081.95),('2015-08-07',1095.60),('2015-08-06',1089.45),('2015-08-05',1086.55),('2015-08-04',1059.80),('2015-08-03',1079.05),('2015-07-31',1078.05),('2015-07-30',1069.10),('2015-07-29',1085.20),('2015-07-28',1063.50),('2015-07-27',1065.00),('2015-07-24',1089.35),('2015-07-23',1098.85),('2015-07-22',1102.60),('2015-07-21',1112.65),('2015-07-20',1001.90),('2015-07-17',1002.00),('2015-07-16',987.80),('2015-07-15',982.65),('2015-07-14',970.10),('2015-07-13',950.05),('2015-07-10',937.00),('2015-07-09',937.70),('2015-07-08',957.20),('2015-07-07',982.05),('2015-07-06',983.50),('2015-07-03',989.95),('2015-07-02',988.15),('2015-07-01',997.70),('2015-06-30',985.35),('2015-06-29',990.25),('2015-06-26',1006.10),('2015-06-25',991.15),('2015-06-24',995.10),('2015-06-23',1001.15),('2015-06-22',1024.40),('2015-06-19',996.75),('2015-06-18',1000.90),('2015-06-17',995.80),('2015-06-16',999.45),('2015-06-15',991.10),('2015-06-12',1976.65),('2015-06-11',2001.85),('2015-06-10',2026.20),('2015-06-09',1992.55),('2015-06-08',2000.25),('2015-06-05',2012.10),('2015-06-04',2028.05),('2015-06-03',2023.10),('2015-06-02',2008.80),('2015-06-01',2045.70),('2015-05-29',2022.40),('2015-05-28',2014.30),('2015-05-27',1969.05),('2015-05-26',2009.30),('2015-05-25',2018.00),('2015-05-22',2041.80),('2015-05-21',2043.35),('2015-05-20',2044.70),('2015-05-19',2018.15),('2015-05-18',1991.75),('2015-05-15',1959.75),('2015-05-14',1934.55),('2015-05-13',1955.95),('2015-05-12',1949.60),('2015-05-11',1992.00),('2015-05-08',1958.00),('2015-05-07',1942.80),('2015-05-06',1922.50),('2015-05-05',1966.75),('2015-05-04',1994.30),('2015-04-30',1942.40),('2015-04-29',1961.60),('2015-04-28',1961.35),('2015-04-27',1986.00),('2015-04-24',1996.25),('2015-04-23',2122.55),('2015-04-22',2138.45),('2015-04-21',2144.40),('2015-04-20',2133.25),('2015-04-17',2181.95),('2015-04-16',2191.10),('2015-04-15',2213.20),('2015-04-13',2239.00),('2015-04-10',2233.30),('2015-04-09',2211.40),('2015-04-08',2200.80),('2015-04-07',2161.25),('2015-04-06',2177.20),('2015-04-01',2172.25),('2015-03-31',2216.60),('2015-03-30',2229.80),('2015-03-27',2201.95),('2015-03-26',2144.45),('2015-03-25',2217.70),('2015-03-24',2212.10),('2015-03-23',2232.40),('2015-03-20',2258.95),('2015-03-19',2229.90),('2015-03-18',2230.20),('2015-03-17',2241.95),('2015-03-16',2267.00),('2015-03-13',2216.45),('2015-03-12',2217.80),('2015-03-11',2183.60),('2015-03-10',2200.10),('2015-03-09',2190.55),('2015-03-05',2251.70),('2015-03-04',2272.60),('2015-03-03',2297.35),('2015-03-02',2291.45),('2015-02-28',2294.85),('2015-02-27',2266.35),('2015-02-26',2259.50),('2015-02-25',2318.05),('2015-02-24',2278.15),('2015-02-23',2270.70),('2015-02-20',2284.30),('2015-02-19',2326.60),('2015-02-18',2295.75),('2015-02-16',2278.50),('2015-02-13',2296.40),('2015-02-12',2315.45),('2015-02-11',2287.20),('2015-02-10',2280.30),('2015-02-09',2250.20),('2015-02-06',2229.35),('2015-02-05',2193.60),('2015-02-04',2142.05),('2015-02-03',2120.35),('2015-02-02',2134.35),('2015-01-30',2142.75),('2015-01-29',2142.90),('2015-01-28',2145.10),('2015-01-27',2136.00),('2015-01-23',2214.05),('2015-01-22',2195.70),('2015-01-21',2165.10),('2015-01-20',2122.35),('2015-01-19',2102.40),('2015-01-16',2114.15),('2015-01-15',2133.95),('2015-01-14',2128.80),('2015-01-13',2087.25),('2015-01-12',2114.75),('2015-01-09',2073.60),('2015-01-08',1974.55),('2015-01-07',1964.80),('2015-01-06',1956.85),('2015-01-05',1996.60),('2015-01-02',2013.45),('2015-01-01',1975.80);

--
-- FEED for table `tcs`
--
INSERT INTO `tcs` VALUES ('2018-07-31',1941.25),('2018-07-30',1944.95),('2018-07-27',1943.10),('2018-07-26',1963.30),('2018-07-25',1979.40),('2018-07-24',1996.85),('2018-07-23',2005.05),('2018-07-20',1995.95),('2018-07-19',1981.45),('2018-07-18',1997.30),('2018-07-17',1997.85),('2018-07-16',1988.80),('2018-07-13',1981.25),('2018-07-12',1971.00),('2018-07-11',1979.60),('2018-07-10',1877.00),('2018-07-09',1887.65),('2018-07-06',1913.30),('2018-07-05',1881.70),('2018-07-04',1869.65),('2018-07-03',1875.90),('2018-07-02',1855.60),('2018-06-29',1847.20),('2018-06-28',1847.30),('2018-06-27',1859.80),('2018-06-26',1852.70),('2018-06-25',1820.45),('2018-06-22',1811.80),('2018-06-21',1819.85),('2018-06-20',1826.30),('2018-06-19',1825.85),('2018-06-18',1830.70),('2018-06-15',1841.45),('2018-06-14',1792.25),('2018-06-13',1824.20),('2018-06-12',1781.00),('2018-06-11',1750.60),('2018-06-08',1748.20),('2018-06-07',1734.60),('2018-06-06',1727.25),('2018-06-05',1721.20),('2018-06-04',1744.55),('2018-06-01',1732.25),('2018-05-31',1744.80),('2018-05-30',3517.75),('2018-05-29',3522.70),('2018-05-28',3503.80),('2018-05-25',3589.45),('2018-05-24',3604.80),('2018-05-23',3497.05),('2018-05-22',3508.05),('2018-05-21',3557.95),('2018-05-18',3502.35),('2018-05-17',3492.70),('2018-05-16',3495.55),('2018-05-15',3482.45),('2018-05-14',3436.75),('2018-05-11',3460.60),('2018-05-10',3452.75),('2018-05-09',3489.05),('2018-05-08',3441.05),('2018-05-07',3427.70),('2018-05-04',3480.85),('2018-05-03',3482.65),('2018-05-02',3497.80),('2018-04-30',3531.40),('2018-04-27',3454.80),('2018-04-26',3540.35),('2018-04-25',3467.90),('2018-04-24',3385.65),('2018-04-23',3415.20),('2018-04-20',3406.40),('2018-04-19',3190.65),('2018-04-18',3159.50),('2018-04-17',3165.90),('2018-04-16',3184.80),('2018-04-13',3151.00),('2018-04-12',3137.30),('2018-04-11',3015.50),('2018-04-10',2931.85),('2018-04-09',2921.15),('2018-04-06',2949.70),('2018-04-05',2957.15),('2018-04-04',2907.05),('2018-04-03',2908.10),('2018-04-02',2902.90),('2018-03-28',2849.30),('2018-03-27',2841.85),('2018-03-26',2813.05),('2018-03-23',2816.45),('2018-03-22',2829.95),('2018-03-21',2854.60),('2018-03-20',2859.15),('2018-03-19',2828.85),('2018-03-16',2825.50),('2018-03-15',2869.15),('2018-03-14',2886.10),('2018-03-13',2892.45),('2018-03-12',3051.85),('2018-03-09',3034.50),('2018-03-08',3001.50),('2018-03-07',3029.25),('2018-03-06',3049.80),('2018-03-05',3104.30),('2018-03-01',3037.10),('2018-02-28',3038.25),('2018-02-27',3043.25),('2018-02-26',3035.25),('2018-02-23',3076.90),('2018-02-22',3040.40),('2018-02-21',3043.05),('2018-02-20',2945.05),('2018-02-19',2924.55),('2018-02-16',2937.20),('2018-02-15',2925.75),('2018-02-14',2910.45),('2018-02-12',2967.90),('2018-02-09',2972.30),('2018-02-08',2966.25),('2018-02-07',2955.35),('2018-02-06',2995.35),('2018-02-05',3106.50),('2018-02-02',3149.15),('2018-02-01',3138.90),('2018-01-31',3111.75),('2018-01-30',3153.70),('2018-01-29',3195.10),('2018-01-25',3117.85),('2018-01-24',3174.60),('2018-01-23',3103.10),('2018-01-22',3113.15),('2018-01-19',2954.75),('2018-01-18',2910.10),('2018-01-17',2889.45),('2018-01-16',2850.85),('2018-01-15',2747.20),('2018-01-12',2772.90),('2018-01-11',2788.40),('2018-01-10',2807.10),('2018-01-09',2708.45),('2018-01-08',2707.75),('2018-01-05',2684.45),('2018-01-04',2649.80),('2018-01-03',2635.20),('2018-01-02',2633.75),('2018-01-01',2654.65),('2017-12-29',2700.40),('2017-12-28',2628.85),('2017-12-27',2621.05),('2017-12-26',2642.80),('2017-12-22',2639.80),('2017-12-21',2594.10),('2017-12-20',2588.00),('2017-12-19',2575.05),('2017-12-18',2577.00),('2017-12-15',2547.85),('2017-12-14',2558.55),('2017-12-13',2627.30),('2017-12-12',2614.15),('2017-12-11',2656.00),('2017-12-08',2601.00),('2017-12-07',2617.65),('2017-12-06',2631.45),('2017-12-05',2633.80),('2017-12-04',2633.35),('2017-12-01',2630.55),('2017-11-30',2634.25),('2017-11-29',2658.55),('2017-11-28',2684.90),('2017-11-27',2687.05),('2017-11-24',2688.75),('2017-11-23',2682.75),('2017-11-22',2683.20),('2017-11-21',2676.65),('2017-11-20',2704.65),('2017-11-17',2710.10),('2017-11-16',2746.60),('2017-11-15',2706.15),('2017-11-14',2716.75),('2017-11-13',2758.90),('2017-11-10',2703.30),('2017-11-09',2733.85),('2017-11-08',2730.45),('2017-11-07',2708.35),('2017-11-06',2667.00),('2017-11-03',2612.70),('2017-11-02',2625.80),('2017-11-01',2602.50),('2017-10-31',2616.30),('2017-10-30',2613.00),('2017-10-27',2579.20),('2017-10-26',2543.00),('2017-10-25',2561.75),('2017-10-24',2580.60),('2017-10-23',2585.95),('2017-10-19',2580.95),('2017-10-18',2589.05),('2017-10-17',2594.85),('2017-10-16',2585.10),('2017-10-13',2556.75),('2017-10-12',2548.55),('2017-10-11',2500.50),('2017-10-10',2459.55),('2017-10-09',2452.55),('2017-10-06',2445.15),('2017-10-05',2430.15),('2017-10-04',2442.55),('2017-10-03',2447.05),('2017-09-29',2437.00),('2017-09-28',2478.45),('2017-09-27',2490.15),('2017-09-26',2474.90),('2017-09-25',2508.20),('2017-09-22',2502.35),('2017-09-21',2525.85),('2017-09-20',2492.40),('2017-09-19',2498.30),('2017-09-18',2499.05),('2017-09-15',2498.55),('2017-09-14',2485.05),('2017-09-13',2488.10),('2017-09-12',2486.80),('2017-09-11',2463.55),('2017-09-08',2470.15),('2017-09-07',2458.95),('2017-09-06',2456.45),('2017-09-05',2477.65),('2017-09-04',2457.80),('2017-09-01',2463.20),('2017-08-31',2496.75),('2017-08-30',2486.75),('2017-08-29',2474.95),('2017-08-28',2485.85),('2017-08-24',2495.30),('2017-08-23',2493.00),('2017-08-22',2496.05),('2017-08-21',2521.40),('2017-08-18',2512.85),('2017-08-17',2480.15),('2017-08-16',2491.05),('2017-08-14',2469.15),('2017-08-11',2494.00),('2017-08-10',2511.25),('2017-08-09',2501.95),('2017-08-08',2497.80),('2017-08-07',2504.60),('2017-08-04',2522.75),('2017-08-03',2489.55),('2017-08-02',2467.35),('2017-08-01',2499.95),('2017-07-31',2494.05),('2017-07-28',2482.75),('2017-07-27',2484.35),('2017-07-26',2554.80),('2017-07-25',2570.65),('2017-07-24',2532.65),('2017-07-21',2490.90),('2017-07-20',2445.20),('2017-07-19',2450.45),('2017-07-18',2405.25),('2017-07-17',2395.70),('2017-07-14',2398.80),('2017-07-13',2444.05),('2017-07-12',2439.10),('2017-07-11',2471.90),('2017-07-10',2440.85),('2017-07-07',2332.20),('2017-07-06',2344.80),('2017-07-05',2357.75),('2017-07-04',2364.00),('2017-07-03',2373.40),('2017-06-30',2364.35),('2017-06-29',2334.65),('2017-06-28',2351.20),('2017-06-27',2345.90),('2017-06-23',2360.65),('2017-06-22',2395.75),('2017-06-21',2406.05),('2017-06-20',2441.50),('2017-06-19',2431.90),('2017-06-16',2397.45),('2017-06-15',2411.10),('2017-06-14',2470.80),('2017-06-13',2453.40),('2017-06-12',2489.90),('2017-06-09',2510.25),('2017-06-08',2521.50),('2017-06-07',2615.35),('2017-06-06',2695.40),('2017-06-05',2601.05),('2017-06-02',2561.85),('2017-06-01',2550.85),('2017-05-31',2544.35),('2017-05-30',2551.70),('2017-05-29',2571.50),('2017-05-26',2579.30),('2017-05-25',2619.95),('2017-05-24',2557.80),('2017-05-23',2520.45),('2017-05-22',2529.30),('2017-05-19',2506.80),('2017-05-18',2534.10),('2017-05-17',2451.35),('2017-05-16',2427.25),('2017-05-15',2364.40),('2017-05-12',2359.50),('2017-05-11',2351.25),('2017-05-10',2332.50),('2017-05-09',2352.75),('2017-05-08',2341.90),('2017-05-05',2319.95),('2017-05-04',2327.10),('2017-05-03',2337.40),('2017-05-02',2291.95),('2017-04-28',2272.10),('2017-04-27',2301.40),('2017-04-26',2310.45),('2017-04-25',2311.30),('2017-04-24',2329.10),('2017-04-21',2311.20),('2017-04-20',2328.35),('2017-04-19',2301.75),('2017-04-18',2308.65),('2017-04-17',2320.85),('2017-04-13',2327.85),('2017-04-12',2394.20),('2017-04-11',2420.80),('2017-04-10',2421.15),('2017-04-07',2427.10),('2017-04-06',2399.75),('2017-04-05',2402.85),('2017-04-03',2413.30),('2017-03-31',2431.10),('2017-03-30',2443.75),('2017-03-29',2443.75),('2017-03-28',2429.85),('2017-03-27',2412.10),('2017-03-24',2426.75),('2017-03-23',2458.90),('2017-03-22',2479.10),('2017-03-21',2486.15),('2017-03-20',2480.80),('2017-03-17',2526.85),('2017-03-16',2518.95),('2017-03-15',2500.30),('2017-03-14',2562.35),('2017-03-10',2541.80),('2017-03-09',2519.55),('2017-03-08',2513.90),('2017-03-07',2500.70),('2017-03-06',2470.65),('2017-03-03',2492.35),('2017-03-02',2501.15),('2017-03-01',2480.05),('2017-02-28',2466.50),('2017-02-27',2488.90),('2017-02-23',2481.65),('2017-02-22',2409.55),('2017-02-21',2464.30),('2017-02-20',2506.50),('2017-02-17',2408.15),('2017-02-16',2446.90),('2017-02-15',2415.70),('2017-02-14',2402.95),('2017-02-13',2410.30),('2017-02-10',2396.70),('2017-02-09',2324.25),('2017-02-08',2262.65),('2017-02-07',2244.80),('2017-02-06',2240.55),('2017-02-03',2233.75),('2017-02-02',2205.80),('2017-02-01',2169.45),('2017-01-31',2229.90),('2017-01-30',2334.20),('2017-01-27',2358.05),('2017-01-25',2352.70),('2017-01-24',2318.00),('2017-01-23',2305.70),('2017-01-20',2287.45),('2017-01-19',2290.30),('2017-01-18',2295.00),('2017-01-17',2277.65),('2017-01-16',2258.55),('2017-01-13',2252.00),('2017-01-12',2343.30),('2017-01-11',2323.05),('2017-01-10',2315.45),('2017-01-09',2303.75),('2017-01-06',2283.60),('2017-01-05',2334.55),('2017-01-04',2378.55),('2017-01-03',2368.50),('2017-01-02',2359.05),('2016-12-30',2361.95),('2016-12-29',2350.75),('2016-12-28',2315.80),('2016-12-27',2321.85),('2016-12-26',2292.10),('2016-12-23',2290.20),('2016-12-22',2309.85),('2016-12-21',2312.75),('2016-12-20',2337.75),('2016-12-19',2287.50),('2016-12-16',2281.75),('2016-12-15',2259.50),('2016-12-14',2207.90),('2016-12-13',2200.85),('2016-12-12',2206.25),('2016-12-09',2193.45),('2016-12-08',2196.90),('2016-12-07',2158.20),('2016-12-06',2190.45),('2016-12-05',2186.45),('2016-12-02',2223.90),('2016-12-01',2266.45),('2016-11-30',2276.75),('2016-11-29',2258.40),('2016-11-28',2277.30),('2016-11-25',2300.85),('2016-11-24',2186.50),('2016-11-23',2156.70),('2016-11-22',2134.30),('2016-11-21',2132.55),('2016-11-18',2123.15),('2016-11-17',2142.15),('2016-11-16',2190.25),('2016-11-15',2122.10),('2016-11-11',2105.05),('2016-11-10',2158.05),('2016-11-09',2171.05),('2016-11-08',2283.70),('2016-11-07',2279.35),('2016-11-04',2330.10),('2016-11-03',2319.95),('2016-11-02',2304.45),('2016-11-01',2347.70),('2016-10-30',2394.60),('2016-10-28',2399.25),('2016-10-27',2413.25),('2016-10-26',2396.95),('2016-10-25',2398.65),('2016-10-24',2427.85),('2016-10-21',2428.70),('2016-10-20',2399.85),('2016-10-19',2394.20),('2016-10-18',2398.30),('2016-10-17',2362.90),('2016-10-14',2365.90),('2016-10-13',2328.50),('2016-10-10',2380.10),('2016-10-07',2368.25),('2016-10-06',2384.25),('2016-10-05',2382.55),('2016-10-04',2401.10),('2016-10-03',2411.80),('2016-09-30',2427.20),('2016-09-29',2434.60),('2016-09-28',2423.45),('2016-09-27',2430.70),('2016-09-26',2400.85),('2016-09-23',2397.30),('2016-09-22',2377.65),('2016-09-21',2413.50),('2016-09-20',2411.10),('2016-09-19',2407.35),('2016-09-16',2361.15),('2016-09-15',2328.05),('2016-09-14',2328.55),('2016-09-12',2359.10),('2016-09-09',2352.50),('2016-09-08',2321.15),('2016-09-07',2447.00),('2016-09-06',2484.05),('2016-09-02',2513.50),('2016-09-01',2507.60),('2016-08-31',2512.55),('2016-08-30',2548.70),('2016-08-29',2501.60),('2016-08-26',2529.15),('2016-08-25',2550.10),('2016-08-24',2571.90),('2016-08-23',2603.20),('2016-08-22',2551.45),('2016-08-19',2603.95),('2016-08-18',2636.70),('2016-08-17',2623.90),('2016-08-16',2691.45),('2016-08-12',2732.35),('2016-08-11',2704.30),('2016-08-10',2673.90),('2016-08-09',2650.55),('2016-08-08',2651.90),('2016-08-05',2648.90),('2016-08-04',2652.65),('2016-08-03',2656.25),('2016-08-02',2692.10),('2016-08-01',2698.00),('2016-07-29',2618.55),('2016-07-28',2615.55),('2016-07-27',2576.10),('2016-07-26',2548.30),('2016-07-25',2551.55),('2016-07-22',2509.15),('2016-07-21',2501.25),('2016-07-20',2493.25),('2016-07-19',2461.55),('2016-07-18',2433.50),('2016-07-15',2441.90),('2016-07-14',2520.30),('2016-07-13',2491.40),('2016-07-12',2461.50),('2016-07-11',2463.65),('2016-07-08',2425.50),('2016-07-07',2429.05),('2016-07-05',2482.70),('2016-07-04',2494.80),('2016-07-01',2501.80),('2016-06-30',2550.80),('2016-06-29',2499.60),('2016-06-28',2461.80),('2016-06-27',2495.35),('2016-06-24',2570.70),('2016-06-23',2644.30),('2016-06-22',2665.50),('2016-06-21',2647.30),('2016-06-20',2655.70),('2016-06-17',2603.50),('2016-06-16',2557.10),('2016-06-15',2555.70),('2016-06-14',2534.70),('2016-06-13',2551.95),('2016-06-10',2560.95),('2016-06-09',2577.50),('2016-06-08',2611.10),('2016-06-07',2631.45),('2016-06-06',2611.35),('2016-06-03',2630.85),('2016-06-02',2646.90),('2016-06-01',2631.85),('2016-05-31',2575.10),('2016-05-30',2635.35),('2016-05-27',2572.05),('2016-05-26',2552.80),('2016-05-25',2526.70),('2016-05-24',2467.50),('2016-05-23',2491.70),('2016-05-20',2532.05),('2016-05-19',2555.55),('2016-05-18',2550.45),('2016-05-17',2570.20),('2016-05-16',2553.80),('2016-05-13',2523.40),('2016-05-12',2567.05),('2016-05-11',2517.75),('2016-05-10',2523.60),('2016-05-09',2515.35),('2016-05-06',2472.15),('2016-05-05',2474.00),('2016-05-04',2478.25),('2016-05-03',2480.25),('2016-05-02',2525.15),('2016-04-29',2530.05),('2016-04-28',2526.95),('2016-04-27',2505.55),('2016-04-26',2488.00),('2016-04-25',2448.30),('2016-04-22',2417.20),('2016-04-21',2423.20),('2016-04-20',2451.90),('2016-04-18',2522.40),('2016-04-13',2523.15),('2016-04-12',2512.50),('2016-04-11',2506.65),('2016-04-08',2428.70),('2016-04-07',2470.95),('2016-04-06',2478.90),('2016-04-05',2462.65),('2016-04-04',2470.70),('2016-04-01',2455.40),('2016-03-31',2516.05),('2016-03-30',2488.35),('2016-03-29',2467.85),('2016-03-28',2473.55),('2016-03-23',2474.70),('2016-03-22',2474.05),('2016-03-21',2443.65),('2016-03-18',2427.25),('2016-03-17',2351.75),('2016-03-16',2327.35),('2016-03-15',2329.65),('2016-03-14',2352.00),('2016-03-11',2366.00),('2016-03-10',2348.00),('2016-03-09',2356.20),('2016-03-08',2354.40),('2016-03-04',2359.05),('2016-03-03',2377.30),('2016-03-02',2319.55),('2016-03-01',2275.00),('2016-02-29',2181.90),('2016-02-26',2214.70),('2016-02-25',2212.25),('2016-02-24',2218.65),('2016-02-23',2265.10),('2016-02-22',2314.20),('2016-02-19',2320.20),('2016-02-18',2315.30),('2016-02-17',2278.00),('2016-02-16',2267.75),('2016-02-15',2269.55),('2016-02-12',2226.50),('2016-02-11',2196.05),('2016-02-10',2270.05),('2016-02-09',2281.45),('2016-02-08',2368.50),('2016-02-05',2425.85),('2016-02-04',2417.45),('2016-02-03',2417.05),('2016-02-02',2401.50),('2016-02-01',2402.20),('2016-01-29',2391.20),('2016-01-28',2330.90),('2016-01-27',2319.60),('2016-01-25',2305.95),('2016-01-22',2295.25),('2016-01-21',2261.20),('2016-01-20',2277.60),('2016-01-19',2279.00),('2016-01-18',2282.45),('2016-01-15',2263.50),('2016-01-14',2278.95),('2016-01-13',2280.30),('2016-01-12',2324.05),('2016-01-11',2363.00),('2016-01-08',2397.25),('2016-01-07',2370.05),('2016-01-06',2381.20),('2016-01-05',2350.35),('2016-01-04',2375.50),('2016-01-01',2416.25),('2015-12-31',2439.20),('2015-12-30',2418.40),('2015-12-29',2451.95),('2015-12-28',2458.50),('2015-12-24',2433.35),('2015-12-23',2420.40),('2015-12-22',2405.95),('2015-12-21',2440.95),('2015-12-18',2416.45),('2015-12-17',2440.35),('2015-12-16',2407.10),('2015-12-15',2375.20),('2015-12-14',2377.45),('2015-12-11',2387.25),('2015-12-10',2380.75),('2015-12-09',2365.70),('2015-12-08',2329.50),('2015-12-07',2324.10),('2015-12-04',2330.15),('2015-12-03',2350.85),('2015-12-02',2365.25),('2015-12-01',2362.15),('2015-11-30',2365.25),('2015-11-27',2352.65),('2015-11-26',2345.15),('2015-11-24',2370.10),('2015-11-23',2391.70),('2015-11-20',2395.55),('2015-11-19',2363.20),('2015-11-18',2351.90),('2015-11-17',2390.50),('2015-11-16',2374.90),('2015-11-13',2397.30),('2015-11-11',2470.55),('2015-11-10',2461.70),('2015-11-09',2475.05),('2015-11-06',2505.75),('2015-11-05',2490.75),('2015-11-04',2529.45),('2015-11-03',2542.60),('2015-11-02',2511.20),('2015-10-30',2497.30),('2015-10-29',2496.15),('2015-10-28',2524.65),('2015-10-27',2529.80),('2015-10-26',2535.20),('2015-10-23',2536.20),('2015-10-21',2525.50),('2015-10-20',2526.70),('2015-10-19',2486.85),('2015-10-16',2475.95),('2015-10-15',2468.65),('2015-10-14',2483.40),('2015-10-13',2597.40),('2015-10-12',2592.40),('2015-10-09',2629.85),('2015-10-08',2634.75),('2015-10-07',2655.10),('2015-10-06',2695.70),('2015-10-05',2713.45),('2015-10-01',2639.70),('2015-09-30',2587.70),('2015-09-29',2590.20),('2015-09-28',2590.35),('2015-09-24',2575.60),('2015-09-23',2534.05),('2015-09-22',2526.35),('2015-09-21',2550.70),('2015-09-18',2554.15),('2015-09-16',2551.15),('2015-09-15',2543.15),('2015-09-14',2550.75),('2015-09-11',2545.50),('2015-09-10',2542.35),('2015-09-09',2550.65),('2015-09-08',2542.10),('2015-09-07',2539.50),('2015-09-04',2549.45),('2015-09-03',2605.25),('2015-09-02',2593.20),('2015-09-01',2538.80),('2015-08-31',2565.25),('2015-08-28',2570.65),('2015-08-27',2577.60),('2015-08-26',2576.75),('2015-08-25',2567.35),('2015-08-24',2579.20),('2015-08-21',2675.10),('2015-08-20',2691.20),('2015-08-19',2731.40),('2015-08-18',2734.60),('2015-08-17',2684.75),('2015-08-14',2693.65),('2015-08-13',2637.40),('2015-08-12',2671.40),('2015-08-11',2603.05),('2015-08-10',2570.80),('2015-08-07',2551.70),('2015-08-06',2574.30),('2015-08-05',2541.65),('2015-08-04',2509.30),('2015-08-03',2507.95),('2015-07-31',2510.00),('2015-07-30',2480.95),('2015-07-29',2508.10),('2015-07-28',2501.50),('2015-07-27',2496.90),('2015-07-24',2503.75),('2015-07-23',2487.95),('2015-07-22',2528.10),('2015-07-21',2562.85),('2015-07-20',2579.55),('2015-07-17',2559.35),('2015-07-16',2538.15),('2015-07-15',2546.25),('2015-07-14',2499.50),('2015-07-13',2508.60),('2015-07-10',2471.90),('2015-07-09',2521.40),('2015-07-08',2594.05),('2015-07-07',2619.05),('2015-07-06',2632.80),('2015-07-03',2604.80),('2015-07-02',2580.85),('2015-07-01',2591.80),('2015-06-30',2552.20),('2015-06-29',2593.55),('2015-06-26',2594.05),('2015-06-25',2551.75),('2015-06-24',2568.40),('2015-06-23',2577.70),('2015-06-22',2595.70),('2015-06-19',2551.10),('2015-06-18',2528.55),('2015-06-17',2514.95),('2015-06-16',2511.05),('2015-06-15',2511.80),('2015-06-12',2512.05),('2015-06-11',2571.00),('2015-06-10',2602.05),('2015-06-09',2558.10),('2015-06-08',2578.65),('2015-06-05',2572.35),('2015-06-04',2606.20),('2015-06-03',2610.75),('2015-06-02',2600.45),('2015-06-01',2616.40),('2015-05-29',2610.60),('2015-05-28',2609.95),('2015-05-27',2616.55),('2015-05-26',2606.35),('2015-05-25',2601.40),('2015-05-22',2619.55),('2015-05-21',2557.65),('2015-05-20',2557.55),('2015-05-19',2511.95),('2015-05-18',2519.35),('2015-05-15',2509.65),('2015-05-14',2499.95),('2015-05-13',2519.95),('2015-05-12',2521.20),('2015-05-11',2555.80),('2015-05-08',2530.70),('2015-05-07',2543.30),('2015-05-06',2462.85),('2015-05-05',2519.25),('2015-05-04',2479.10),('2015-04-30',2466.65),('2015-04-29',2485.65),('2015-04-28',2494.55),('2015-04-27',2500.30),('2015-04-24',2496.90),('2015-04-23',2456.85),('2015-04-22',2447.90),('2015-04-21',2426.85),('2015-04-20',2430.65),('2015-04-17',2476.20),('2015-04-16',2585.20),('2015-04-15',2624.70),('2015-04-13',2650.25),('2015-04-10',2651.95),('2015-04-09',2661.15),('2015-04-08',2644.35),('2015-04-07',2586.10),('2015-04-06',2546.00),('2015-04-01',2543.40),('2015-03-31',2547.05),('2015-03-30',2557.25),('2015-03-27',2516.20),('2015-03-26',2513.35),('2015-03-25',2573.10),('2015-03-24',2593.55),('2015-03-23',2610.55),('2015-03-20',2609.65),('2015-03-19',2594.40),('2015-03-18',2560.70),('2015-03-17',2580.90),('2015-03-16',2565.35),('2015-03-13',2581.05),('2015-03-12',2619.00),('2015-03-11',2609.35),('2015-03-10',2642.80),('2015-03-09',2643.15),('2015-03-05',2696.35),('2015-03-04',2743.40),('2015-03-03',2774.70),('2015-03-02',2670.15),('2015-02-28',2675.30),('2015-02-27',2663.75),('2015-02-26',2656.35),('2015-02-25',2671.30),('2015-02-24',2707.15),('2015-02-23',2695.05),('2015-02-20',2674.85),('2015-02-19',2679.70),('2015-02-18',2633.90),('2015-02-16',2585.25),('2015-02-13',2538.65),('2015-02-12',2462.80),('2015-02-11',2460.15),('2015-02-10',2442.95),('2015-02-09',2515.15),('2015-02-06',2576.00),('2015-02-05',2551.90),('2015-02-04',2514.00),('2015-02-03',2554.80),('2015-02-02',2512.80),('2015-01-30',2481.00),('2015-01-29',2541.35),('2015-01-28',2534.70),('2015-01-27',2502.80),('2015-01-23',2501.70),('2015-01-22',2512.75),('2015-01-21',2511.35),('2015-01-20',2499.55),('2015-01-19',2509.75),('2015-01-16',2531.90),('2015-01-15',2545.00),('2015-01-14',2518.15),('2015-01-13',2498.30),('2015-01-12',2512.05),('2015-01-09',2512.20),('2015-01-08',2443.85),('2015-01-07',2416.80),('2015-01-06',2446.55),('2015-01-05',2537.90),('2015-01-02',2570.85),('2015-01-01',2548.20);

--
-- FEED `tvs`
--
INSERT INTO `tvs` VALUES ('2018-07-31',517.45),('2018-07-30',513.65),('2018-07-27',526.10),('2018-07-26',524.85),('2018-07-25',540.50),('2018-07-24',551.85),('2018-07-23',540.30),('2018-07-20',564.40),('2018-07-19',563.70),('2018-07-18',568.70),('2018-07-17',572.85),('2018-07-16',571.40),('2018-07-13',583.00),('2018-07-12',578.40),('2018-07-11',579.25),('2018-07-10',585.95),('2018-07-09',589.50),('2018-07-06',577.45),('2018-07-05',570.25),('2018-07-04',581.10),('2018-07-03',559.45),('2018-07-02',556.40),('2018-06-29',552.30),('2018-06-28',556.65),('2018-06-27',568.60),('2018-06-26',585.85),('2018-06-25',597.40),('2018-06-22',582.60),('2018-06-21',580.25),('2018-06-20',585.15),('2018-06-19',590.70),('2018-06-18',594.45),('2018-06-15',581.75),('2018-06-14',584.40),('2018-06-13',576.40),('2018-06-12',581.50),('2018-06-11',584.05),('2018-06-08',580.20),('2018-06-07',575.45),('2018-06-06',568.10),('2018-06-05',566.25),('2018-06-04',566.15),('2018-06-01',595.70),('2018-05-31',587.85),('2018-05-30',604.80),('2018-05-29',594.10),('2018-05-28',584.90),('2018-05-25',564.45),('2018-05-24',542.05),('2018-05-23',565.05),('2018-05-22',563.75),('2018-05-21',562.60),('2018-05-18',572.15),('2018-05-17',590.65),('2018-05-16',610.10),('2018-05-15',621.35),('2018-05-14',619.55),('2018-05-11',624.40),('2018-05-10',617.60),('2018-05-09',621.15),('2018-05-08',625.00),('2018-05-07',627.60),('2018-05-04',616.25),('2018-05-03',637.90),('2018-05-02',637.55),('2018-04-30',667.75),('2018-04-27',668.25),('2018-04-26',651.75),('2018-04-25',655.75),('2018-04-24',663.90),('2018-04-23',664.50),('2018-04-20',667.65),('2018-04-19',674.70),('2018-04-18',674.75),('2018-04-17',674.20),('2018-04-16',675.50),('2018-04-13',662.15),('2018-04-12',642.15),('2018-04-11',630.00),('2018-04-10',641.30),('2018-04-09',645.75),('2018-04-06',645.40),('2018-04-05',648.80),('2018-04-04',645.35),('2018-04-03',649.35),('2018-04-02',662.30),('2018-03-28',616.95),('2018-03-27',616.85),('2018-03-26',619.75),('2018-03-23',609.40),('2018-03-22',605.55),('2018-03-21',615.40),('2018-03-20',623.20),('2018-03-19',614.70),('2018-03-16',631.65),('2018-03-15',643.00),('2018-03-14',642.75),('2018-03-13',642.70),('2018-03-12',650.00),('2018-03-09',645.70),('2018-03-08',646.10),('2018-03-07',634.00),('2018-03-06',645.10),('2018-03-05',664.50),('2018-03-01',676.80),('2018-02-28',681.05),('2018-02-27',675.80),('2018-02-26',679.30),('2018-02-23',666.65),('2018-02-22',630.50),('2018-02-21',635.50),('2018-02-20',650.20),('2018-02-19',652.25),('2018-02-16',652.45),('2018-02-15',655.90),('2018-02-14',651.75),('2018-02-12',661.50),('2018-02-09',663.65),('2018-02-08',665.50),('2018-02-07',648.00),('2018-02-06',649.35),('2018-02-05',659.10),('2018-02-02',644.80),('2018-02-01',674.05),('2018-01-31',695.10),('2018-01-30',712.90),('2018-01-29',719.70),('2018-01-25',704.85),('2018-01-24',707.40),('2018-01-23',707.00),('2018-01-22',714.40),('2018-01-19',715.40),('2018-01-18',718.30),('2018-01-17',730.90),('2018-01-16',722.65),('2018-01-15',740.05),('2018-01-12',750.85),('2018-01-11',755.65),('2018-01-10',768.25),('2018-01-09',771.65),('2018-01-08',767.00),('2018-01-05',767.90),('2018-01-04',765.95),('2018-01-03',770.40),('2018-01-02',775.60),('2018-01-01',766.35),('2017-12-29',771.30),('2017-12-28',763.05),('2017-12-27',769.00),('2017-12-26',769.95),('2017-12-22',774.85),('2017-12-21',777.40),('2017-12-20',778.45),('2017-12-19',785.30),('2017-12-18',761.30),('2017-12-15',759.10),('2017-12-14',750.30),('2017-12-13',745.25),('2017-12-12',760.00),('2017-12-11',753.80),('2017-12-08',747.20),('2017-12-07',748.80),('2017-12-06',734.10),('2017-12-05',737.30),('2017-12-04',725.45),('2017-12-01',724.45),('2017-11-30',718.80),('2017-11-29',735.85),('2017-11-28',743.10),('2017-11-27',745.25),('2017-11-24',739.30),('2017-11-23',735.85),('2017-11-22',718.75),('2017-11-21',708.30),('2017-11-20',708.70),('2017-11-17',708.60),('2017-11-16',705.30),('2017-11-15',696.10),('2017-11-14',701.00),('2017-11-13',699.65),('2017-11-10',707.90),('2017-11-09',694.50),('2017-11-08',694.40),('2017-11-07',707.85),('2017-11-06',706.30),('2017-11-03',694.90),('2017-11-02',708.20),('2017-11-01',709.00),('2017-10-31',725.30),('2017-10-30',722.70),('2017-10-27',718.05),('2017-10-26',720.60),('2017-10-25',693.40),('2017-10-24',693.85),('2017-10-23',685.60),('2017-10-19',685.90),('2017-10-18',690.05),('2017-10-17',689.10),('2017-10-16',700.40),('2017-10-13',699.00),('2017-10-12',696.45),('2017-10-11',683.15),('2017-10-10',685.80),('2017-10-09',675.85),('2017-10-06',659.65),('2017-10-05',655.05),('2017-10-04',653.80),('2017-10-03',654.65),('2017-09-29',658.50),('2017-09-28',644.00),('2017-09-27',644.60),('2017-09-26',647.85),('2017-09-25',641.90),('2017-09-22',634.25),('2017-09-21',650.40),('2017-09-20',655.20),('2017-09-19',659.35),('2017-09-18',663.65),('2017-09-15',649.95),('2017-09-14',641.05),('2017-09-13',638.00),('2017-09-12',641.30),('2017-09-11',639.30),('2017-09-08',635.40),('2017-09-07',632.50),('2017-09-06',618.75),('2017-09-05',612.65),('2017-09-04',613.80),('2017-09-01',608.55),('2017-08-31',604.20),('2017-08-30',611.50),('2017-08-29',594.75),('2017-08-28',603.95),('2017-08-24',593.40),('2017-08-23',584.25),('2017-08-22',582.25),('2017-08-21',575.15),('2017-08-18',583.80),('2017-08-17',581.00),('2017-08-16',585.75),('2017-08-14',553.75),('2017-08-11',536.40),('2017-08-10',578.30),('2017-08-09',589.95),('2017-08-08',595.50),('2017-08-07',602.60),('2017-08-04',599.00),('2017-08-03',586.60),('2017-08-02',590.65),('2017-08-01',596.60),('2017-07-31',582.15),('2017-07-28',582.55),('2017-07-27',573.55),('2017-07-26',570.90),('2017-07-25',570.30),('2017-07-24',576.95),('2017-07-21',570.65),('2017-07-20',572.40),('2017-07-19',573.65),('2017-07-18',571.50),('2017-07-17',572.10),('2017-07-14',569.40),('2017-07-13',571.50),('2017-07-12',564.25),('2017-07-11',566.00),('2017-07-10',569.45),('2017-07-07',572.10),('2017-07-06',553.70),('2017-07-05',547.35),('2017-07-04',550.55),('2017-07-03',552.10),('2017-06-30',549.45),('2017-06-29',544.60),('2017-06-28',535.35),('2017-06-27',533.10),('2017-06-23',536.55),('2017-06-22',542.10),('2017-06-21',544.95),('2017-06-20',549.20),('2017-06-19',551.05),('2017-06-16',550.20),('2017-06-15',542.00),('2017-06-14',545.80),('2017-06-13',555.75),('2017-06-12',552.25),('2017-06-09',551.65),('2017-06-08',543.75),('2017-06-07',536.15),('2017-06-06',536.10),('2017-06-05',542.15),('2017-06-02',541.55),('2017-06-01',534.95),('2017-05-31',538.10),('2017-05-30',540.45),('2017-05-29',533.90),('2017-05-26',534.00),('2017-05-25',541.95),('2017-05-24',523.60),('2017-05-23',525.15),('2017-05-22',526.55),('2017-05-19',525.10),('2017-05-18',529.65),('2017-05-17',532.75),('2017-05-16',532.80),('2017-05-15',524.65),('2017-05-12',515.90),('2017-05-11',499.25),('2017-05-10',497.05),('2017-05-09',499.30),('2017-05-08',500.80),('2017-05-05',492.70),('2017-05-04',496.95),('2017-05-03',499.15),('2017-05-02',494.70),('2017-04-28',495.60),('2017-04-27',503.05),('2017-04-26',502.25),('2017-04-25',488.95),('2017-04-24',485.45),('2017-04-21',482.95),('2017-04-20',489.45),('2017-04-19',470.85),('2017-04-18',468.85),('2017-04-17',471.95),('2017-04-13',474.00),('2017-04-12',474.50),('2017-04-11',473.50),('2017-04-10',475.15),('2017-04-07',468.50),('2017-04-06',449.70),('2017-04-05',450.45),('2017-04-03',435.20),('2017-03-31',431.60),('2017-03-30',434.75),('2017-03-29',430.80),('2017-03-28',432.30),('2017-03-27',428.90),('2017-03-24',427.95),('2017-03-23',427.40),('2017-03-22',432.70),('2017-03-21',439.55),('2017-03-20',439.75),('2017-03-17',442.45),('2017-03-16',438.20),('2017-03-15',438.45),('2017-03-14',435.80),('2017-03-10',425.50),('2017-03-09',419.90),('2017-03-08',417.70),('2017-03-07',424.65),('2017-03-06',426.70),('2017-03-03',429.35),('2017-03-02',426.20),('2017-03-01',424.85),('2017-02-28',428.45),('2017-02-27',434.80),('2017-02-23',433.35),('2017-02-22',426.95),('2017-02-21',429.00),('2017-02-20',425.70),('2017-02-17',425.50),('2017-02-16',422.10),('2017-02-15',410.60),('2017-02-14',409.35),('2017-02-13',411.45),('2017-02-10',411.10),('2017-02-09',408.00),('2017-02-08',397.40),('2017-02-07',392.10),('2017-02-06',395.95),('2017-02-03',391.75),('2017-02-02',389.35),('2017-02-01',394.10),('2017-01-31',385.35),('2017-01-30',387.45),('2017-01-27',391.65),('2017-01-25',393.00),('2017-01-24',401.20),('2017-01-23',380.30),('2017-01-20',378.70),('2017-01-19',388.55),('2017-01-18',383.20),('2017-01-17',379.20),('2017-01-16',382.90),('2017-01-13',383.55),('2017-01-12',388.85),('2017-01-11',380.95),('2017-01-10',383.10),('2017-01-09',384.35),('2017-01-06',385.40),('2017-01-05',384.75),('2017-01-04',374.35),('2017-01-03',377.40),('2017-01-02',366.15),('2016-12-30',360.65),('2016-12-29',363.30),('2016-12-28',353.05),('2016-12-27',352.40),('2016-12-26',366.30),('2016-12-23',370.35),('2016-12-22',366.85),('2016-12-21',370.40),('2016-12-20',369.95),('2016-12-19',374.95),('2016-12-16',376.50),('2016-12-15',378.15),('2016-12-14',379.90),('2016-12-13',381.95),('2016-12-12',366.30),('2016-12-09',363.00),('2016-12-08',363.85),('2016-12-07',359.80),('2016-12-06',355.55),('2016-12-05',357.15),('2016-12-02',358.25),('2016-12-01',367.70),('2016-11-30',372.05),('2016-11-29',358.60),('2016-11-28',353.80),('2016-11-25',356.00),('2016-11-24',359.20),('2016-11-23',354.25),('2016-11-22',349.25),('2016-11-21',344.65),('2016-11-18',362.35),('2016-11-17',362.10),('2016-11-16',359.20),('2016-11-15',347.60),('2016-11-11',360.55),('2016-11-10',379.20),('2016-11-09',379.30),('2016-11-08',390.00),('2016-11-07',390.10),('2016-11-04',392.45),('2016-11-03',392.25),('2016-11-02',400.55),('2016-11-01',403.95),('2016-10-30',410.00),('2016-10-28',404.65),('2016-10-27',411.40),('2016-10-26',399.70),('2016-10-25',407.15),('2016-10-24',395.25),('2016-10-21',395.70),('2016-10-20',392.20),('2016-10-19',391.00),('2016-10-18',395.40),('2016-10-17',388.30),('2016-10-14',390.95),('2016-10-13',384.15),('2016-10-10',388.90),('2016-10-07',386.10),('2016-10-06',383.90),('2016-10-05',379.55),('2016-10-04',377.45),('2016-10-03',377.65),('2016-09-30',365.60),('2016-09-29',348.15),('2016-09-28',351.70),('2016-09-27',347.75),('2016-09-26',347.40),('2016-09-23',350.45),('2016-09-22',349.25),('2016-09-21',333.15),('2016-09-20',332.90),('2016-09-19',337.05),('2016-09-16',338.10),('2016-09-15',321.10),('2016-09-14',326.15),('2016-09-12',320.90),('2016-09-09',330.00),('2016-09-08',337.95),('2016-09-07',330.40),('2016-09-06',333.00),('2016-09-02',331.85),('2016-09-01',327.50),('2016-08-31',325.85),('2016-08-30',325.85),('2016-08-29',311.70),('2016-08-26',303.15),('2016-08-25',306.50),('2016-08-24',306.65),('2016-08-23',307.00),('2016-08-22',306.30),('2016-08-19',311.60),('2016-08-18',311.85),('2016-08-17',313.10),('2016-08-16',298.80),('2016-08-12',298.30),('2016-08-11',296.75),('2016-08-10',295.65),('2016-08-09',298.90),('2016-08-08',304.10),('2016-08-05',303.05),('2016-08-04',298.60),('2016-08-03',297.45),('2016-08-02',299.55),('2016-08-01',295.05),('2016-07-29',291.40),('2016-07-28',290.20),('2016-07-27',287.80),('2016-07-26',291.40),('2016-07-25',300.65),('2016-07-22',301.50),('2016-07-21',300.25),('2016-07-20',302.90),('2016-07-19',300.50),('2016-07-18',302.85),('2016-07-15',306.60),('2016-07-14',304.40),('2016-07-13',307.65),('2016-07-12',304.70),('2016-07-11',298.95),('2016-07-08',297.50),('2016-07-07',299.80),('2016-07-05',306.50),('2016-07-04',312.90),('2016-07-01',310.55),('2016-06-30',309.70),('2016-06-29',299.70),('2016-06-28',297.10),('2016-06-27',296.95),('2016-06-24',297.20),('2016-06-23',295.55),('2016-06-22',294.90),('2016-06-21',296.15),('2016-06-20',292.90),('2016-06-17',292.40),('2016-06-16',291.50),('2016-06-15',291.75),('2016-06-14',290.75),('2016-06-13',287.95),('2016-06-10',287.00),('2016-06-09',290.40),('2016-06-08',290.05),('2016-06-07',294.55),('2016-06-06',295.45),('2016-06-03',297.10),('2016-06-02',296.60),('2016-06-01',288.60),('2016-05-31',285.75),('2016-05-30',288.95),('2016-05-27',291.95),('2016-05-26',298.55),('2016-05-25',296.05),('2016-05-24',294.35),('2016-05-23',295.15),('2016-05-20',296.95),('2016-05-19',295.90),('2016-05-18',296.60),('2016-05-17',294.15),('2016-05-16',295.85),('2016-05-13',296.65),('2016-05-12',295.75),('2016-05-11',297.35),('2016-05-10',298.20),('2016-05-09',301.00),('2016-05-06',300.00),('2016-05-05',295.25),('2016-05-04',289.85),('2016-05-03',287.90),('2016-05-02',318.70),('2016-04-29',320.00),('2016-04-28',318.70),('2016-04-27',327.95),('2016-04-26',329.75),('2016-04-25',323.10),('2016-04-22',331.50),('2016-04-21',324.60),('2016-04-20',335.90),('2016-04-18',333.60),('2016-04-13',326.80),('2016-04-12',318.65),('2016-04-11',315.25),('2016-04-08',313.15),('2016-04-07',314.40),('2016-04-06',316.60),('2016-04-05',314.55),('2016-04-04',324.30),('2016-04-01',324.85),('2016-03-31',322.65),('2016-03-30',321.50),('2016-03-29',315.25),('2016-03-28',314.30),('2016-03-23',309.30),('2016-03-22',317.15),('2016-03-21',305.10),('2016-03-18',286.80),('2016-03-17',283.00),('2016-03-16',283.90),('2016-03-15',285.95),('2016-03-14',288.65),('2016-03-11',288.00),('2016-03-10',283.50),('2016-03-09',284.60),('2016-03-08',282.85),('2016-03-04',288.20),('2016-03-03',286.95),('2016-03-02',287.60),('2016-03-01',283.70),('2016-02-29',267.70),('2016-02-26',264.55),('2016-02-25',267.60),('2016-02-24',270.35),('2016-02-23',280.30),('2016-02-22',286.70),('2016-02-19',287.45),('2016-02-18',284.90),('2016-02-17',281.90),('2016-02-16',276.70),('2016-02-15',285.05),('2016-02-12',276.15),('2016-02-11',277.95),('2016-02-10',286.40),('2016-02-09',285.75),('2016-02-08',287.05),('2016-02-05',288.40),('2016-02-04',281.35),('2016-02-03',287.45),('2016-02-02',293.10),('2016-02-01',295.35),('2016-01-29',291.50),('2016-01-28',291.65),('2016-01-27',289.85),('2016-01-25',288.00),('2016-01-22',285.05),('2016-01-21',274.20),('2016-01-20',274.10),('2016-01-19',282.55),('2016-01-18',274.00),('2016-01-15',277.65),('2016-01-14',281.40),('2016-01-13',288.10),('2016-01-12',289.70),('2016-01-11',285.85),('2016-01-08',284.60),('2016-01-07',277.60),('2016-01-06',286.55),('2016-01-05',286.95),('2016-01-04',286.45),('2016-01-01',287.10),('2015-12-31',289.65),('2015-12-30',290.20),('2015-12-29',293.30),('2015-12-28',285.50),('2015-12-24',285.00),('2015-12-23',290.10),('2015-12-22',288.05),('2015-12-21',289.05),('2015-12-18',286.10),('2015-12-17',287.30),('2015-12-16',281.75),('2015-12-15',285.05),('2015-12-14',275.05),('2015-12-11',274.05),('2015-12-10',278.55),('2015-12-09',270.40),('2015-12-08',275.15),('2015-12-07',281.80),('2015-12-04',283.75),('2015-12-03',283.30),('2015-12-02',289.20),('2015-12-01',304.00),('2015-11-30',306.90),('2015-11-27',305.45),('2015-11-26',298.20),('2015-11-24',290.45),('2015-11-23',294.25),('2015-11-20',293.45),('2015-11-19',294.40),('2015-11-18',286.30),('2015-11-17',294.15),('2015-11-16',296.25),('2015-11-13',296.30),('2015-11-11',297.00),('2015-11-10',296.25),('2015-11-09',290.65),('2015-11-06',282.85),('2015-11-05',281.20),('2015-11-04',285.60),('2015-11-03',287.50),('2015-11-02',274.15),('2015-10-30',265.40),('2015-10-29',263.95),('2015-10-28',271.80),('2015-10-27',276.15),('2015-10-26',244.05),('2015-10-23',251.50),('2015-10-21',252.15),('2015-10-20',245.85),('2015-10-19',246.95),('2015-10-16',247.55),('2015-10-15',242.60),('2015-10-14',242.05),('2015-10-13',242.15),('2015-10-12',238.65),('2015-10-09',238.60),('2015-10-08',240.60),('2015-10-07',241.30),('2015-10-06',230.20),('2015-10-05',229.00),('2015-10-01',229.60),('2015-09-30',230.20),('2015-09-29',230.30),('2015-09-28',231.65),('2015-09-24',235.80),('2015-09-23',230.05),('2015-09-22',229.85),('2015-09-21',233.60),('2015-09-18',235.65),('2015-09-16',232.55),('2015-09-15',231.00),('2015-09-14',231.95),('2015-09-11',232.60),('2015-09-10',228.20),('2015-09-09',225.90),('2015-09-08',220.45),('2015-09-07',218.05),('2015-09-04',223.00),('2015-09-03',221.05),('2015-09-02',220.25),('2015-09-01',216.75),('2015-08-31',223.45),('2015-08-28',220.40),('2015-08-27',226.70),('2015-08-26',227.45),('2015-08-25',223.80),('2015-08-24',213.55),('2015-08-21',228.75),('2015-08-20',231.80),('2015-08-19',229.00),('2015-08-18',230.25),('2015-08-17',229.80),('2015-08-14',230.00),('2015-08-13',225.55),('2015-08-12',223.45),('2015-08-11',223.55),('2015-08-10',234.15),('2015-08-07',239.15),('2015-08-06',236.85),('2015-08-05',234.65),('2015-08-04',233.35),('2015-08-03',230.10),('2015-07-31',237.95),('2015-07-30',235.95),('2015-07-29',235.00),('2015-07-28',232.55),('2015-07-27',241.55),('2015-07-24',251.45),('2015-07-23',263.35),('2015-07-22',264.00),('2015-07-21',257.95),('2015-07-20',263.80),('2015-07-17',263.35),('2015-07-16',266.55),('2015-07-15',268.25),('2015-07-14',266.30),('2015-07-13',270.65),('2015-07-10',256.95),('2015-07-09',259.25),('2015-07-08',265.00),('2015-07-07',270.15),('2015-07-06',264.40),('2015-07-03',257.50),('2015-07-02',257.25),('2015-07-01',245.55),('2015-06-30',243.75),('2015-06-29',241.60),('2015-06-26',245.10),('2015-06-25',238.90),('2015-06-24',240.35),('2015-06-23',242.85),('2015-06-22',244.90),('2015-06-19',239.85),('2015-06-18',231.90),('2015-06-17',231.80),('2015-06-16',228.45),('2015-06-15',228.15),('2015-06-12',225.10),('2015-06-11',226.50),('2015-06-10',224.00),('2015-06-09',218.80),('2015-06-08',219.10),('2015-06-05',223.50),('2015-06-04',226.55),('2015-06-03',221.40),('2015-06-02',225.90),('2015-06-01',236.00),('2015-05-29',237.95),('2015-05-28',236.10),('2015-05-27',235.95),('2015-05-26',234.80),('2015-05-25',230.15),('2015-05-22',227.35),('2015-05-21',229.95),('2015-05-20',220.20),('2015-05-19',222.00),('2015-05-18',224.15),('2015-05-15',221.40),('2015-05-14',224.15),('2015-05-13',219.80),('2015-05-12',222.45),('2015-05-11',227.20),('2015-05-08',220.85),('2015-05-07',216.15),('2015-05-06',226.00),('2015-05-05',240.40),('2015-05-04',249.35),('2015-04-30',235.60),('2015-04-29',237.35),('2015-04-28',227.55),('2015-04-27',228.25),('2015-04-24',232.10),('2015-04-23',232.90),('2015-04-22',237.95),('2015-04-21',237.60),('2015-04-20',233.75),('2015-04-17',244.60),('2015-04-16',244.65),('2015-04-15',251.40),('2015-04-13',255.15),('2015-04-10',256.75),('2015-04-09',250.70),('2015-04-08',251.15),('2015-04-07',255.40),('2015-04-06',252.20),('2015-04-01',255.15),('2015-03-31',263.75),('2015-03-30',266.25),('2015-03-27',271.55),('2015-03-26',266.05),('2015-03-25',259.10),('2015-03-24',259.70),('2015-03-23',266.20),('2015-03-20',268.40),('2015-03-19',273.00),('2015-03-18',278.75),('2015-03-17',283.25),('2015-03-16',274.15),('2015-03-13',277.65),('2015-03-12',289.75),('2015-03-11',285.40),('2015-03-10',294.90),('2015-03-09',286.55),('2015-03-05',291.85),('2015-03-04',288.80),('2015-03-03',293.20),('2015-03-02',271.95),('2015-02-28',277.95),('2015-02-27',281.70),('2015-02-26',270.50),('2015-02-25',271.05),('2015-02-24',269.80),('2015-02-23',289.40),('2015-02-20',295.30),('2015-02-19',294.85),('2015-02-18',301.25),('2015-02-16',302.40),('2015-02-13',307.45),('2015-02-12',304.95),('2015-02-11',301.20),('2015-02-10',294.85),('2015-02-09',294.45),('2015-02-06',292.90),('2015-02-05',293.10),('2015-02-04',294.30),('2015-02-03',285.60),('2015-02-02',286.25),('2015-01-30',308.15),('2015-01-29',310.15),('2015-01-28',312.00),('2015-01-27',308.15),('2015-01-23',306.15),('2015-01-22',300.65),('2015-01-21',300.85),('2015-01-20',309.05),('2015-01-19',308.85),('2015-01-16',319.40),('2015-01-15',315.20),('2015-01-14',307.50),('2015-01-13',308.45),('2015-01-12',300.65),('2015-01-09',296.70),('2015-01-08',295.80),('2015-01-07',278.55),('2015-01-06',268.00),('2015-01-05',271.20),('2015-01-02',267.80),('2015-01-01',276.85);



-- ----------------------------
-- drop views if exisist
-- ----------------------------
DROP VIEW IF EXISTS bajaj1;
DROP VIEW IF EXISTS eicher1;
DROP VIEW IF EXISTS hero1;
DROP VIEW IF EXISTS infosys1;
DROP VIEW IF EXISTS tcs1;
DROP VIEW IF EXISTS tvs1;
-- ----------------------------
-- create views to calculate columns containing the date, close price, 20 Day MA and 50 Day MA for all 6 stocks
-- ----------------------------

-- ----------------------------
-- bajaj1
-- ----------------------------
CREATE VIEW bajaj1 AS 
	SELECT
	DATE_FORMAT(Date,'%d-%M-%Y') as Date,
	`Close_Price` AS `Close_Price`,
IF
	( ( `ronum` <= 19 ), NULL, round( `20 Day MA`, 2 ) ) AS `20 Day MA`,
IF
	( ( `ronum` <= 49 ), NULL, round( `50 Day MA`, 2 ) ) AS `50 Day MA` 
FROM
	(
	SELECT
		`Date` AS `Date`,
		`Close_Price` AS `Close_Price`,
		row_number ( ) OVER ( ) AS `ronum`,
		avg( `Close_Price` ) OVER (ROWS BETWEEN 19 PRECEDING AND CURRENT ROW ) AS `20 Day MA`,
		avg( `Close_Price` ) OVER (ROWS BETWEEN 49 PRECEDING AND CURRENT ROW ) AS `50 Day MA` 
	FROM
		`bajaj` 
	ORDER BY
		`Date` 
	) `sq` 
ORDER BY
	`sq`.`Date`;

-- ----------------------------
-- eicher1
-- ----------------------------
CREATE VIEW eicher1 AS 
	SELECT
	DATE_FORMAT(Date,'%d-%M-%Y') as Date,
	`Close_Price` AS `Close_Price`,
IF
	( ( `ronum` <= 19 ), NULL, round( `20 Day MA`, 2 ) ) AS `20 Day MA`,
IF
	( ( `ronum` <= 49 ), NULL, round( `50 Day MA`, 2 ) ) AS `50 Day MA` 
FROM
	(
	SELECT
		`Date` AS `Date`,
		`Close_Price` AS `Close_Price`,
		row_number ( ) OVER ( ) AS `ronum`,
		avg( `Close_Price` ) OVER ( ROWS BETWEEN 19 PRECEDING AND CURRENT ROW ) AS `20 Day MA`,
		avg( `Close_Price` ) OVER ( ROWS BETWEEN 49 PRECEDING AND CURRENT ROW ) AS `50 Day MA` 
	FROM
		`eicher` 
	ORDER BY
		`Date` 
	) `sq` 
ORDER BY
	`sq`.`Date`;


-- ----------------------------
-- hero1
-- ----------------------------
	CREATE VIEW hero1 AS 
	SELECT
	DATE_FORMAT(Date,'%d-%M-%Y') as Date,
	`Close_Price` AS `Close_Price`,
IF
	( ( `ronum` <= 19 ), NULL, round( `20 Day MA`, 2 ) ) AS `20 Day MA`,
IF
	( ( `ronum` <= 49 ), NULL, round( `50 Day MA`, 2 ) ) AS `50 Day MA` 
FROM
	(
	SELECT
		Date,
		`Close_Price` AS `Close_Price`,
		row_number ( ) OVER ( ) AS `ronum`,
		avg( `Close_Price` ) OVER ( ROWS BETWEEN 19 PRECEDING AND CURRENT ROW ) AS `20 Day MA`,
		avg( `Close_Price` ) OVER ( ROWS BETWEEN 49 PRECEDING AND CURRENT ROW ) AS `50 Day MA` 
	FROM
		`hero` 
	ORDER BY
		`Date` 
	) `sq` 
ORDER BY
`sq`.`Date`;




-- ----------------------------
-- infosys1
-- ----------------------------
CREATE VIEW infosys1 AS 
	SELECT
	DATE_FORMAT(Date,'%d-%M-%Y') as Date,
	`Close_Price` AS `Close_Price`,
IF
	( ( `ronum` <= 19 ), NULL, round( `20 Day MA`, 2 ) ) AS `20 Day MA`,
IF
	( ( `ronum` <= 49 ), NULL, round( `50 Day MA`, 2 ) ) AS `50 Day MA` 
FROM
	(
	SELECT
		`Date` AS `Date`,
		`Close_Price` AS `Close_Price`,
		row_number ( ) OVER ( ) AS `ronum`,
		avg( `Close_Price` ) OVER ( ROWS BETWEEN 19 PRECEDING AND CURRENT ROW ) AS `20 Day MA`,
		avg( `Close_Price` ) OVER ( ROWS BETWEEN 49 PRECEDING AND CURRENT ROW ) AS `50 Day MA` 
	FROM
		`infosys` 
	ORDER BY
		`Date` 
	) `sq` 
ORDER BY
	`sq`.`Date`;


-- ----------------------------
-- tcs1
-- ----------------------------
CREATE VIEW tcs1 AS 
	SELECT
	DATE_FORMAT(Date,'%d-%M-%Y') as Date,
	`Close_Price` AS `Close_Price`,
IF
	( ( `ronum` <= 19 ), NULL, round( `20 Day MA`, 2 ) ) AS `20 Day MA`,
IF
	( ( `ronum` <= 49 ), NULL, round( `50 Day MA`, 2 ) ) AS `50 Day MA` 
FROM
	(
	SELECT
		`Date` AS `Date`,
		`Close_Price` AS `Close_Price`,
		row_number ( ) OVER ( ) AS `ronum`,
		avg( `Close_Price` ) OVER ( ROWS BETWEEN 19 PRECEDING AND CURRENT ROW ) AS `20 Day MA`,
		avg( `Close_Price` ) OVER ( ROWS BETWEEN 49 PRECEDING AND CURRENT ROW ) AS `50 Day MA` 
	FROM
		`tcs` 
	ORDER BY
		`Date` 
	) `sq` 
ORDER BY
	`sq`.`Date`;


-- ----------------------------
-- tvs1
-- ----------------------------
CREATE VIEW tvs1 AS 
	SELECT
	DATE_FORMAT(Date,'%d-%M-%Y') as Date,
	`Close_Price` AS `Close_Price`,
IF
	( ( `ronum` <= 19 ), NULL, round( `20 Day MA`, 2 ) ) AS `20 Day MA`,
IF
	( ( `ronum` <= 49 ), NULL, round( `50 Day MA`, 2 ) ) AS `50 Day MA` 
FROM
	(
	SELECT
		`Date` AS `Date`,
		`Close_Price` AS `Close_Price`,
		row_number ( ) OVER ( ) AS `ronum`,
		avg( `Close_Price` ) OVER (ROWS BETWEEN 19 PRECEDING AND CURRENT ROW ) AS `20 Day MA`,
		avg( `Close_Price` ) OVER (ROWS BETWEEN 49 PRECEDING AND CURRENT ROW ) AS `50 Day MA` 
	FROM
		`tvs` 
	ORDER BY
		`Date` 
	) `sq` 
ORDER BY
	`sq`.`Date`;


-- 
-- Create a master table containing the date and close price of all the six stocks. (Column header for the price is the name of the stock)
-- 

DROP VIEW if EXISTS master_all_stocks_close;
create view master_all_stocks_close as 
select DATE_FORMAT(Date,'%d-%b-%Y') as Date,bajaj.Close_Price as Bajaj,
tcs.Close_Price as `TCS`,
tvs.Close_Price as `TVS`,
infosys.Close_Price as `Infosys`,
eicher.`Close_Price` as `Eicher`,
hero.Close_Price as `Hero`
from bajaj 
INNER JOIN eicher USING(Date)
INNER JOIN hero USING(Date)
INNER JOIN infosys USING(Date)
INNER JOIN tcs USING(Date)
INNER JOIN tvs USING(Date) 
ORDER BY bajaj.Date;

-- 
-- Drop function if exisit.
-- This function is used to calculate signal and is used with stock xx2 to get signal for each row
-- 
DROP FUNCTION IF EXISTS StockSignal;

DELIMITER //

CREATE FUNCTION StockSignal( MA20 double(10,2),MA50 double(10,2) )
RETURNS varchar(10) DETERMINISTIC

BEGIN

   DECLARE signal_value varchar(10);

   IF MA20>MA50 THEN
      SET signal_value = 'Buy';

   ELSEIF MA50>MA20 THEN
      SET signal_value = 'Sell';

   ELSEIF MA20>0 and MA50 is null THEN
      SET signal_value = 'Hold';
   ELSE
      SET signal_value = 'Hold';

   END IF;

   RETURN signal_value;

END; //

DELIMITER ;

-- 
-- DROP VIEW IF EXIST
-- 

DROP VIEW if EXISTS bajaj2;
DROP VIEW if EXISTS eicher2;
DROP VIEW if EXISTS hero2;
DROP VIEW if EXISTS infosys2;
DROP VIEW if EXISTS tcs2;
DROP VIEW if EXISTS tvs2;

-- 
-- CREATE VIEWS/TABLES 4. Create a User defined function, that takes the date as input and returns the signal for that particular day (Buy/Sell/Hold) for the Bajaj stock.
-- 

-- 
-- bajaj2
-- 
CREATE VIEW bajaj2 AS
SELECT Date, Close_Price,StockSignal(`20 Day MA`,`50 Day MA`) as StockSignal
from bajaj1;

-- 
-- eicher2
-- 
CREATE VIEW eicher2 AS
SELECT Date, Close_Price,StockSignal(`20 Day MA`,`50 Day MA`) as StockSignal
from eicher1;


-- 
-- hero2
-- 
CREATE VIEW hero2 AS
SELECT Date, Close_Price,StockSignal(`20 Day MA`,`50 Day MA`) as StockSignal
from hero1;

-- 
-- infosys2
-- 
CREATE VIEW infosys2 AS
SELECT Date, Close_Price,StockSignal(`20 Day MA`,`50 Day MA`) as StockSignal
from infosys1;


-- 
-- tcs2
-- 
CREATE VIEW tcs2 AS
SELECT Date, Close_Price,StockSignal(`20 Day MA`,`50 Day MA`) as StockSignal
from tcs1;


-- 
-- tvs2
-- 
CREATE VIEW tvs2 AS
SELECT Date, Close_Price,StockSignal(`20 Day MA`,`50 Day MA`) as StockSignal
from tvs1;

-- 
-- Drop function if exisit
-- This creates function for each stock to get signal for specific date of a stock.
-- 
DROP FUNCTION IF EXISTS SignalBajaj2;
DROP FUNCTION IF EXISTS SignalEicher2;
DROP FUNCTION IF EXISTS SignalHero2;
DROP FUNCTION IF EXISTS SignalInfosys2;
DROP FUNCTION IF EXISTS Signaltcs2;
DROP FUNCTION IF EXISTS Signaltvs2;


-- Signal for bajab2 
delimiter //
CREATE FUNCTION SignalBajaj2( dt char(20))
RETURNS char(10)
DETERMINISTIC
BEGIN
RETURN (SELECT `StockSignal` FROM bajaj2 WHERE `Date` = dt);
END //
delimiter ;

-- Sample date to get the singal for bajaj2
SELECT SignalBajaj2('30-July-2018') AS DaySignal; 

-- Signal for eicher2 
delimiter //
CREATE FUNCTION SignalEicher2( dt char(20))
RETURNS char(10)
DETERMINISTIC
BEGIN
RETURN (SELECT `StockSignal` FROM eicher2 WHERE `Date` = dt);
END //
delimiter ;

-- Sample date to get the singal for eicher2
SELECT SignalEicher2('30-July-2018') AS DaySignal; 

-- Signal for hero2 
delimiter //
CREATE FUNCTION SignalHero2( dt char(20))
RETURNS char(10)
DETERMINISTIC
BEGIN
RETURN (SELECT `StockSignal` FROM hero2 WHERE `Date` = dt);
END //
delimiter ;

-- Sample date to get the singal for hero2
SELECT SignalHero2('30-July-2018') AS DaySignal; 

-- Signal for Infosys 
delimiter //
CREATE FUNCTION SignalInfosys2( dt char(20))
RETURNS char(10)
DETERMINISTIC
BEGIN
RETURN (SELECT `StockSignal` FROM infosys2 WHERE `Date` = dt);
END //
delimiter ;

-- Sample date to get the singal for infosys
SELECT SignalInfosys2('30-July-2018') AS DaySignal; 


-- Signal for tcs 
delimiter //
CREATE FUNCTION Signaltcs2( dt char(20))
RETURNS char(10)
DETERMINISTIC
BEGIN
RETURN (SELECT `StockSignal` FROM tcs2 WHERE `Date` = dt);
END //
delimiter ;

-- Sample date to get the singal for tcs
SELECT Signaltcs2('30-July-2018') AS DaySignal; 


-- Signal for tcs 
delimiter //
CREATE FUNCTION Signaltvs2( dt char(20))
RETURNS char(10)
DETERMINISTIC
BEGIN
RETURN (SELECT `StockSignal` FROM tvs2 WHERE `Date` = dt);
END //
delimiter ;

-- Sample date to get the singal for tvs
SELECT Signaltvs2('30-July-2018') AS DaySignal; 



-- 
-- This view combines all stocks after calculation of row wise signal calcuation by (StockSignal) in to a single view using union clause. This is then used with UDF GetSignal to find the signal for a single date.
-- 
DROP VIEW if EXISTS combined_stocks;
CREATE VIEW combined_stocks as
select Date, Close_Price, StockSignal,'bajaj' as Stock from bajaj2
union all
select Date, Close_Price, StockSignal,'eicher' as Stock from eicher2
union all
select Date, Close_Price, StockSignal,'hero' as Stock from hero2
union all
select Date, Close_Price, StockSignal,'infosys' as Stock from infosys2
union all
select Date, Close_Price, StockSignal,'TCS' as Stock from tcs2
union all
select Date, Close_Price, StockSignal,'TVS' as Stock from tvs2;


-- STORED FUNCTION/PROCEDURE TO GET SIGNAL FOR ALL STOCKS IN A SPECIFIC DATE

-- DROP PROCEDURE IF EXISTS 

DROP PROCEDURE IF EXISTS SignalForAllStocks;

DELIMITER //

CREATE PROCEDURE SignalForAllStocks(dt char(20))
BEGIN
	SELECT date,stock,StockSignal FROM combined_stocks WHERE Date =dt;
END //

DELIMITER ;

-- Calling stored procedure for date '30-July-2018'
CALL SignalForAllStocks('30-July-2018');


-- this query is used to calculate the number of buy, sell and hold days for each stock for analysis purposes
DROP VIEW if EXISTS FavorableDays;
CREATE VIEW FavorableDays as
Select StockName,Buy,Sell,Hold,round(Buy*100/Total) as PercBuy,
round(Sell*100/Total) as PercSell,Total from(
select 'Bajaj' as StockName,
sum(if (StockSignal='Buy',1,0)) as 'Buy',
sum(if (StockSignal='Sell',1,0)) as 'Sell',
sum(if (StockSignal='Hold',1,0)) as 'Hold',
count(StockSignal) as 'Total'
from bajaj2
UNION
select 'Eicher' as StockName,
sum(if (StockSignal='Buy',1,0)) as 'Buy',
sum(if (StockSignal='Sell',1,0)) as 'Sell',
sum(if (StockSignal='Hold',1,0)) as 'Hold',
count(StockSignal) as 'Total'
from eicher2

UNION
select 'Hero' as StockName,
sum(if (StockSignal='Buy',1,0)) as 'Buy',
sum(if (StockSignal='Sell',1,0)) as 'Sell',
sum(if (StockSignal='Hold',1,0)) as 'Hold',
count(StockSignal) as 'Total'
from hero2


UNION
select 'Infosys' as StockName,
sum(if (StockSignal='Buy',1,0)) as 'Buy',
sum(if (StockSignal='Sell',1,0)) as 'Sell',
sum(if (StockSignal='Hold',1,0)) as 'Hold',
count(StockSignal) as 'Total'
from infosys2
UNION
select 'TCS' as StockName,
sum(if (StockSignal='Buy',1,0)) as 'Buy',
sum(if (StockSignal='Sell',1,0)) as 'Sell',
sum(if (StockSignal='Hold',1,0)) as 'Hold',
count(StockSignal) as 'Total'
from tcs2
UNION
select 'TVS' as StockName,
sum(if (StockSignal='Buy',1,0)) as 'Buy',
sum(if (StockSignal='Sell',1,0)) as 'Sell',
sum(if (StockSignal='Hold',1,0)) as 'Hold',
count(StockSignal) as 'Total'
from tvs2) as ttl 
ORDER BY ttl.Buy;
